emp_id,first_nm,last_nm,Email,DOB,Gender,Ph_Num,Hire_Date,Primary_Skill,dept_nm,Designation,management_level,ingest_timestamp,load_key
E01001,Erica,Woods,eharris@example.org,9/23/1980,Female,593168,6/6/2022,Security - Application,Cybersecurity,Manager,7,2026-07-05 19:43:49.381694,LCK_20260705_194349_XAJI0Y
E01002,Vernon,Harrington,morankenneth@example.net,5/20/1999,M,193124230,1/17/2018,Technical_Product_Knowledge,Sales_Marketing,Junior Associate,12,2026-07-05 19:43:49.381694,LCK_20260705_194349_XAJI0Y
E01003,Russell,Franco,shane82@example.com,11/4/1972,Male,5230259979,8/22/2012,Budgeting_Forecasting,Finance_Accounting,Associate,11,2026-07-05 19:43:49.381694,LCK_20260705_194349_XAJI0Y
E01004,Joseph,Anderson,tranvictor@example.com,10/23/1967,M,8014421223,9/10/2010,Cloud Platform - Azure,IT_Operations,Senior Associate,10,2026-07-05 19:43:49.381694,LCK_20260705_194349_XAJI0Y
E01005,Kimberly,Richardson,smithkristina@example.net,11/24/1967,M,624973431,4/26/2022,Visualization - Power_BI,Data_Analytics,Tech Lead,9,2026-07-05 19:43:49.381694,LCK_20260705_194349_XAJI0Y
E01006,Meghan,Woodward,qsnow@example.net,4/28/1962,F,8942375468,2/14/2015,Version Control - Git,Software_Development,Associate,11,2026-07-05 19:43:49.381694,LCK_20260705_194349_XAJI0Y
E01007,Ronnie,Hicks,ricardoweiss@example.net,6/14/1960,M,6285343327,10/17/2013,Security - Network,Cybersecurity,HR,8,2026-07-05 19:43:49.381694,LCK_20260705_194349_XAJI0Y
E01008,Lisa,Lopez,jacksonjohn@example.com,10/20/1961,M,7378835200,9/5/2016,Cloud Platform - Azure,IT_Operations,Junior Associate,12,2026-07-05 19:43:49.381694,LCK_20260705_194349_XAJI0Y
E01009,Kimberly,Porter,vancedavid@example.org,2/20/1992,F,8005001502,8/7/2022,Financial_Reporting,Finance_Accounting,Manager,7,2026-07-05 19:43:49.381694,LCK_20260705_194349_XAJI0Y
E01010,Mason,Matthews,edward05@example.org,11/5/1994,M,7464418108,9/25/2015,Server Admin - Windows,IT_Operations,Associate,11,2026-07-05 19:43:49.381694,LCK_20260705_194349_XAJI0Y
E01011,Jennifer,Durham,fschultz@example.net,2/16/1969,F,6053609754,2/11/2022,Payroll_Management,Human_Resources,Junior Associate,12,2026-07-05 19:43:49.381694,LCK_20260705_194349_XAJI0Y
E01012,Christina,Johnson,johndennis@example.net,12/30/1992,F,6531343207,11/17/2020,Financial_Reporting,Finance_Accounting,Associate,11,2026-07-05 19:43:49.381694,LCK_20260705_194349_XAJI0Y
E01013,Amanda,Dillon,ncrawford@example.net,2/20/1995,F,4575095942,2/19/2017,Visualization - Power_BI,Data_Analytics,Junior Associate,12,2026-07-05 19:43:49.381694,LCK_20260705_194349_XAJI0Y
E01014,Amber,Perez,cookfrances@example.org,11/29/1993,F,4443978917,7/29/2015,Payroll_Management,Human_Resources,Manager,7,2026-07-05 19:43:49.381694,LCK_20260705_194349_XAJI0Y
E01015,Danielle,Berger,patriciamcguire@example.com,11/2/1979,M,8222402470,6/23/2018,Security - Application,Cybersecurity,Associate,11,2026-07-05 19:43:49.381694,LCK_20260705_194349_XAJI0Y
E01016,Shelly,Marshall,richardsonlarry@example.net,6/1/1961,F,8391103482,4/13/2012,Server Admin - Windows,IT_Operations,Senior Associate,10,2026-07-05 19:43:49.381694,LCK_20260705_194349_XAJI0Y
E01017,Ricky,Roach,alexisking@example.com,12/20/1966,M,2767342176,2/15/2011,Digital_Marketing - SEO,Sales_Marketing,Senior Associate,10,2026-07-05 19:43:49.381694,LCK_20260705_194349_XAJI0Y
E01018,Christopher,Anderson,steelescott@example.org,1/1/1964,M,7511591809,3/31/2019,HRIS_Systems,Human_Resources,Senior Associate,10,2026-07-05 19:43:49.381694,LCK_20260705_194349_XAJI0Y
E01019,Cheryl,Kennedy,haasjenna@example.net,12/7/1961,M,314563918,3/3/2019,Server Admin - Linux,IT_Operations,Associate,11,2026-07-05 19:43:49.381694,LCK_20260705_194349_XAJI0Y
E01020,Karen,Keller,jfisher@example.org,12/22/1990,F,1319006449,5/8/2011,Network Management,IT_Operations,HR,8,2026-07-05 19:43:49.381694,LCK_20260705_194349_XAJI0Y
E01021,Sandra,Nguyen,michael99@example.com,3/10/1993,M,3663039549,5/7/2013,Product_Roadmapping,Product_Management,Manager,7,2026-07-05 19:43:49.381694,LCK_20260705_194349_XAJI0Y
E01022,Emma,Hernandez,hawkinsriley@example.net,12/18/1986,F,9331970396,7/4/2010,Product_Roadmapping,Product_Management,Associate,11,2026-07-05 19:43:49.381694,LCK_20260705_194349_XAJI0Y
E01023,Nicole,Madden,grant68@example.org,7/6/1970,M,2769309228,3/21/2013,CRM - Zendesk,Customer_Support,Manager,7,2026-07-05 19:43:49.381694,LCK_20260705_194349_XAJI0Y
E01024,Gail,Baker,amandaclarke@example.com,4/11/1964,F,4171438893,4/8/2010,Visualization - Tableau,Data_Analytics,Tech Lead,9,2026-07-05 19:43:49.381694,LCK_20260705_194349_XAJI0Y
E01025,Deanna,Vasquez,mitchellwall@example.net,3/2/1993,F,8716342448,1/18/2017,Server Admin - Windows,IT_Operations,Senior Associate,10,2026-07-05 19:43:49.381694,LCK_20260705_194349_XAJI0Y
E01026,Matthew,Villa,spearsnicholas@example.net,1/10/1961,M,2666649111,5/19/2011,Programming - Java,Software_Development,Tech Lead,9,2026-07-05 19:43:49.381694,LCK_20260705_194349_XAJI0Y
E01027,Lori,Hicks,rhondahull@example.com,4/29/1992,M,5024451861,4/8/2020,Campaign_Management,Sales_Marketing,HR,8,2026-07-05 19:43:49.381694,LCK_20260705_194349_XAJI0Y
E01028,John,Oneal,dwilliams@example.org,5/31/1981,M,958961179,7/12/2021,Compliance - ISO27001,Cybersecurity,Tech Lead,9,2026-07-05 19:43:49.381694,LCK_20260705_194349_XAJI0Y
E01029,Justin,Perez,ulee@example.com,7/26/1988,M,1417287962,12/2/2012,CRM - Salesforce,Sales_Marketing,Junior Associate,12,2026-07-05 19:43:49.381694,LCK_20260705_194349_XAJI0Y
E01030,Justin,Adams,catherineallen@example.net,9/3/1987,M,4252936839,9/2/2023,Programming - Python,Software_Development,Manager,7,2026-07-05 19:43:49.381694,LCK_20260705_194349_XAJI0Y
E01031,Karen,Martinez,hollygrimes@example.org,8/28/1992,F,3974450675,10/6/2023,Programming - Java,Software_Development,HR,8,2026-07-05 19:43:49.381694,LCK_20260705_194349_XAJI0Y
E01032,Rhonda,Parker,tommydavis@example.net,9/4/1984,M,9463137407,6/1/2020,Stakeholder_Management,Product_Management,HR,8,2026-07-05 19:43:49.381694,LCK_20260705_194349_XAJI0Y
E01033,Antonio,Hernandez,stevenshaffer@example.net,3/9/1988,M,148280327,7/28/2023,Budgeting_Forecasting,Finance_Accounting,Associate,11,2026-07-05 19:43:49.381694,LCK_20260705_194349_XAJI0Y
E01034,Alexandria,Mendoza,michaeltaylor@example.net,6/24/1973,F,5726138652,1/24/2025,Customer_Service - Voice,Customer_Support,Junior Associate,12,2026-07-05 19:43:49.381694,LCK_20260705_194349_XAJI0Y
E01035,Jeffrey,Castillo,larry09@example.net,2/12/1967,M,707751804,1/25/2020,CRM - Zendesk,Customer_Support,Junior Associate,12,2026-07-05 19:43:49.381694,LCK_20260705_194349_XAJI0Y
E01036,Anthony,Chavez,hursterika@example.org,6/3/1993,M,8806120542,3/3/2015,Programming - JavaScript,Software_Development,Tech Lead,9,2026-07-05 19:43:49.381694,LCK_20260705_194349_XAJI0Y
E01037,Mary,Hester,browndebra@example.com,2/13/1975,F,1182730474,11/2/2016,Version Control - Git,Software_Development,Junior Associate,12,2026-07-05 19:43:49.381694,LCK_20260705_194349_XAJI0Y
E01038,Jesse,Valdez,lwade@example.org,6/19/1974,M,9026519856,6/14/2011,Digital_Marketing - SEM,Sales_Marketing,Junior Associate,12,2026-07-05 19:43:49.381694,LCK_20260705_194349_XAJI0Y
E01039,Andrew,Hampton,amanda81@example.org,7/5/1968,M,242421849,12/31/2013,CRM - Salesforce,Sales_Marketing,HR,8,2026-07-05 19:43:49.381694,LCK_20260705_194349_XAJI0Y
E01040,Lisa,Knapp,bridget59@example.com,11/24/1991,M,957547683,1/22/2021,Programming - Python,Software_Development,Junior Associate,12,2026-07-05 19:43:49.381694,LCK_20260705_194349_XAJI0Y
E01041,Christopher,Clark,hsalazar@example.com,8/18/1991,M,3406066427,7/13/2013,Digital_Marketing - SEM,Sales_Marketing,HR,8,2026-07-05 19:43:49.381694,LCK_20260705_194349_XAJI0Y
E01042,Patrick,Mitchell,yvonnegonzalez@example.net,8/10/1962,M,829627847,3/30/2023,CRM - Zendesk,Customer_Support,Associate,11,2026-07-05 19:43:49.381694,LCK_20260705_194349_XAJI0Y
E01043,Christopher,Durham,charlesmorrison@example.org,11/9/1966,M,5054624293,3/24/2019,Server Admin - Windows,IT_Operations,HR,8,2026-07-05 19:43:49.381694,LCK_20260705_194349_XAJI0Y
E01044,Laura,Newman,jason75@example.net,5/14/1962,M,1577968358,6/9/2019,Visualization - Power_BI,Data_Analytics,Manager,7,2026-07-05 19:43:49.381694,LCK_20260705_194349_XAJI0Y
E01045,Christine,Rivas,kathybuchanan@example.com,4/14/1960,F,2279054843,11/9/2023,Server Admin - Windows,IT_Operations,Manager,7,2026-07-05 19:43:49.381694,LCK_20260705_194349_XAJI0Y
E01046,Barbara,Christian,kimamy@example.net,4/12/1964,F,9143265058,11/22/2013,Technical_Product_Knowledge,Sales_Marketing,Junior Associate,12,2026-07-05 19:43:49.381694,LCK_20260705_194349_XAJI0Y
E01047,Sean,Martinez,katrinajoseph@example.net,8/21/1977,M,247648922,6/29/2016,Tools - JIRA,Quality_Assurance,Senior Associate,10,2026-07-05 19:43:49.381694,LCK_20260705_194349_XAJI0Y
E01048,Julia,Greer,kiaradavis@example.org,7/24/1968,M,8474019401,5/11/2016,Server Admin - Windows,IT_Operations,Associate,11,2026-07-05 19:43:49.381694,LCK_20260705_194349_XAJI0Y
E01049,Andres,Riley,davidharris@example.org,5/25/1961,M,4148842610,2/27/2016,Cloud Platform - Azure,IT_Operations,Tech Lead,9,2026-07-05 19:43:49.381694,LCK_20260705_194349_XAJI0Y
E01050,Nicole,Kelly,ewilson@example.com,1/26/1965,F,6665934729,2/6/2017,Campaign_Management,Sales_Marketing,Manager,7,2026-07-05 19:43:49.381694,LCK_20260705_194349_XAJI0Y
E01051,Leon,Thomas,michaelcampbell@example.com,6/4/1999,M,9235706093,5/12/2019,Security - Application,Cybersecurity,Junior Associate,12,2026-07-05 19:43:49.381694,LCK_20260705_194349_XAJI0Y
E01052,Joel,Howard,jonathanthompson@example.com,9/24/1965,M,663300375,10/19/2024,Digital_Marketing - SEO,Sales_Marketing,HR,8,2026-07-05 19:43:49.381694,LCK_20260705_194349_XAJI0Y
E01053,Joe,Morgan,cindyhill@example.com,4/26/1995,M,2064755097,5/4/2024,Data_Analysis - R,Data_Analytics,Associate,11,2026-07-05 19:43:49.381694,LCK_20260705_194349_XAJI0Y
E01054,Mary,Ferguson,chris44@example.com,9/23/1970,M,2362367366,2/9/2013,Testing - Manual,Quality_Assurance,Junior Associate,12,2026-07-05 19:43:49.381694,LCK_20260705_194349_XAJI0Y
E01055,Morgan,Wiley,sgarcia@example.com,4/11/1978,F,4226418659,8/20/2013,Technical_Product_Knowledge,Sales_Marketing,Senior Associate,10,2026-07-05 19:43:49.381694,LCK_20260705_194349_XAJI0Y
E01056,Sarah,Ball,wdudley@example.com,12/20/1971,F,8628557728,5/19/2016,Customer_Service - Email,Customer_Support,Tech Lead,9,2026-07-05 19:43:49.381694,LCK_20260705_194349_XAJI0Y
E01057,Jessica,Stevens,hrogers@example.net,6/28/1982,F,6583418106,9/26/2015,Software Architecture,Software_Development,Senior Associate,10,2026-07-05 19:43:49.381694,LCK_20260705_194349_XAJI0Y
E01058,Stacey,Walker,johnathanwilliams@example.com,12/19/1975,F,7429661590,11/1/2018,Agile - Scrum,Product_Management,Junior Associate,12,2026-07-05 19:43:49.381694,LCK_20260705_194349_XAJI0Y
E01059,Paul,King,davidbenton@example.com,8/7/1979,M,1097329809,2/17/2011,CRM - Zendesk,Customer_Support,HR,8,2026-07-05 19:43:49.381694,LCK_20260705_194349_XAJI0Y
E01060,Sandra,Ellis,robertasanchez@example.net,12/27/1968,F,4301694421,12/20/2019,Campaign_Management,Sales_Marketing,Associate,11,2026-07-05 19:43:49.381694,LCK_20260705_194349_XAJI0Y
E01061,Stephanie,Palmer,nhayes@example.org,6/27/1977,F,1948592205,2/26/2013,Stakeholder_Management,Product_Management,Associate,11,2026-07-05 19:43:49.381694,LCK_20260705_194349_XAJI0Y
E01062,Virginia,Jones,leetracy@example.com,2/23/1976,F,489480026,8/6/2013,Budgeting_Forecasting,Finance_Accounting,Senior Associate,10,2026-07-05 19:43:49.381694,LCK_20260705_194349_XAJI0Y
E01063,Kimberly,Walker,warrenjeffery@example.com,1/22/1973,M,5279108093,4/11/2015,Recruitment - Interviewing,Human_Resources,Tech Lead,9,2026-07-05 19:43:49.381694,LCK_20260705_194349_XAJI0Y
E01064,Melissa,Collier,kimberly49@example.net,4/24/1998,F,9517284337,4/16/2013,Product_Roadmapping,Product_Management,Manager,7,2026-07-05 19:43:49.381694,LCK_20260705_194349_XAJI0Y
E01065,Tyler,Hernandez,paulabishop@example.org,3/14/1966,M,3088535411,5/29/2023,Tools - JIRA,Quality_Assurance,Associate,11,2026-07-05 19:43:49.381694,LCK_20260705_194349_XAJI0Y
E01066,Michelle,Miller,suttonchristina@example.org,7/9/1999,F,8270487673,10/3/2018,Recruitment - Sourcing,Human_Resources,Associate,11,2026-07-05 19:43:49.381694,LCK_20260705_194349_XAJI0Y
E01067,Melanie,Nguyen,williamsjuan@example.com,12/14/1970,F,9821347163,12/14/2013,Programming - Java,Software_Development,Senior Associate,10,2026-07-05 19:43:49.381694,LCK_20260705_194349_XAJI0Y
E01068,Amber,Escobar,josephgraham@example.net,9/8/1980,M,3743906834,1/28/2012,Network Management,IT_Operations,Senior Associate,10,2026-07-05 19:43:49.381694,LCK_20260705_194349_XAJI0Y
E01069,Debbie,Romero,chapmanleah@example.org,6/9/1978,M,4417867900,11/29/2010,Employee_Engagement,Human_Resources,Manager,7,2026-07-05 19:43:49.381694,LCK_20260705_194349_XAJI0Y
E01070,Jill,Wright,sdickson@example.org,10/16/1969,M,6584516101,4/12/2011,Programming - Java,Software_Development,HR,8,2026-07-05 19:43:49.381694,LCK_20260705_194349_XAJI0Y
E01071,Janet,Myers,torressusan@example.org,12/2/1969,M,7061282698,7/1/2021,Programming - Python,Software_Development,Senior Associate,10,2026-07-05 19:43:49.381694,LCK_20260705_194349_XAJI0Y
E01072,Alejandro,Wheeler,bobbymendoza@example.com,12/6/1995,M,89999272,8/20/2022,Penetration_Testing,Cybersecurity,Junior Associate,12,2026-07-05 19:43:49.381694,LCK_20260705_194349_XAJI0Y
E01073,Stephanie,Shields,tmcdonald@example.net,5/14/1967,M,5660891381,3/22/2024,Customer_Service - Voice,Customer_Support,HR,8,2026-07-05 19:43:49.381694,LCK_20260705_194349_XAJI0Y
E01074,Connie,Simpson,collinslaura@example.com,8/9/1988,F,1993560676,6/6/2011,Recruitment - Interviewing,Human_Resources,HR,8,2026-07-05 19:43:49.381694,LCK_20260705_194349_XAJI0Y
E01075,Richard,Mann,douglas77@example.com,4/4/1981,M,1390327829,4/9/2016,Programming - Java,Software_Development,Tech Lead,9,2026-07-05 19:43:49.381694,LCK_20260705_194349_XAJI0Y
E01076,Paul,Roberts,tmarshall@example.net,3/10/1992,M,8577908977,5/3/2024,Agile - Scrum,Product_Management,HR,8,2026-07-05 19:43:49.381694,LCK_20260705_194349_XAJI0Y
E01077,Tara,Stevens,mooreemma@example.org,5/8/1977,F,7552795359,9/17/2017,Server Admin - Windows,IT_Operations,Tech Lead,9,2026-07-05 19:43:49.381694,LCK_20260705_194349_XAJI0Y
E01078,Kristy,Smith,cmartin@example.com,5/9/1999,M,5600313843,7/28/2021,Recruitment - Sourcing,Human_Resources,Associate,11,2026-07-05 19:43:49.381694,LCK_20260705_194349_XAJI0Y
E01079,Shannon,Campos,ebrady@example.net,6/29/1963,F,5008216354,11/4/2022,Agile - Scrum,Product_Management,Associate,11,2026-07-05 19:43:49.381694,LCK_20260705_194349_XAJI0Y
E01080,Patricia,Downs,malonesandra@example.org,9/6/1983,F,1919580845,6/10/2017,Technical_Product_Knowledge,Sales_Marketing,HR,8,2026-07-05 19:43:49.381694,LCK_20260705_194349_XAJI0Y
E01081,Katelyn,Smith,zglenn@example.org,4/20/1986,F,778845084,3/30/2011,Server Admin - Windows,IT_Operations,Associate,11,2026-07-05 19:43:49.381694,LCK_20260705_194349_XAJI0Y
E01082,Dustin,Spencer,robinsonkristi@example.com,3/25/1992,M,7878863470,3/9/2017,Server Admin - Windows,IT_Operations,Tech Lead,9,2026-07-05 19:43:49.381694,LCK_20260705_194349_XAJI0Y
E01083,Annette,Smith,wendymyers@example.net,5/7/1990,M,5989658336,5/9/2011,Agile - Scrum,Product_Management,HR,8,2026-07-05 19:43:49.381694,LCK_20260705_194349_XAJI0Y
E01084,Gregory,Henderson,eric64@example.org,2/1/1972,M,3972689876,11/4/2023,Customer_Service - Email,Customer_Support,Senior Associate,10,2026-07-05 19:43:49.381694,LCK_20260705_194349_XAJI0Y
E01085,Jacqueline,Bishop,hbennett@example.org,10/22/1975,F,1682772652,5/14/2019,Testing - Manual,Quality_Assurance,Associate,11,2026-07-05 19:43:49.381694,LCK_20260705_194349_XAJI0Y
E01086,Eric,Hernandez,kellycurtis@example.com,10/4/1993,M,2659506234,1/12/2021,Programming - Python,Software_Development,Senior Associate,10,2026-07-05 19:43:49.381694,LCK_20260705_194349_XAJI0Y
E01087,Alexandra,Gordon,jonesmichael@example.net,5/15/1975,F,590342909,1/3/2013,Visualization - Power_BI,Data_Analytics,HR,8,2026-07-05 19:43:49.381694,LCK_20260705_194349_XAJI0Y
E01088,Sara,Richardson,nancyjohnson@example.net,7/21/1996,F,9537095251,8/15/2012,Version Control - Git,Software_Development,Manager,7,2026-07-05 19:43:49.381694,LCK_20260705_194349_XAJI0Y
E01089,Brenda,Mcdonald,gregorylisa@example.org,8/6/1988,M,6510905020,1/15/2015,Penetration_Testing,Cybersecurity,Senior Associate,10,2026-07-05 19:43:49.381694,LCK_20260705_194349_XAJI0Y
E01090,Kevin,White,danielperez@example.com,1/11/1963,M,1898082422,12/12/2023,Requirement_Gathering,Product_Management,Associate,11,2026-07-05 19:43:49.381694,LCK_20260705_194349_XAJI0Y
E01091,Karen,Beck,martinpatrick@example.com,4/13/1963,M,6371148601,1/2/2019,Visualization - Tableau,Data_Analytics,HR,8,2026-07-05 19:43:49.381694,LCK_20260705_194349_XAJI0Y
E01092,Sarah,Hunt,barrystewart@example.com,6/10/1962,M,7386199368,5/27/2016,Compliance - GAAP,Finance_Accounting,Tech Lead,9,2026-07-05 19:43:49.381694,LCK_20260705_194349_XAJI0Y
E01093,Daniel,Banks,kathleenmcdaniel@example.com,9/25/1988,M,6301423713,8/13/2020,Financial_Reporting,Finance_Accounting,Tech Lead,9,2026-07-05 19:43:49.381694,LCK_20260705_194349_XAJI0Y
E01094,Cynthia,Brooks,kaylapace@example.net,9/5/1964,M,652731486,7/15/2016,Digital_Marketing - SEM,Sales_Marketing,Senior Associate,10,2026-07-05 19:43:49.381694,LCK_20260705_194349_XAJI0Y
E01095,William,Fields,barneschristopher@example.net,2/17/1993,M,8700036957,5/15/2012,Network Management,IT_Operations,Tech Lead,9,2026-07-05 19:43:49.381694,LCK_20260705_194349_XAJI0Y
E01096,Richard,Coleman,hardinjessica@example.org,9/9/1966,M,5673731940,3/7/2021,Accounting - Tally,Finance_Accounting,Manager,7,2026-07-05 19:43:49.381694,LCK_20260705_194349_XAJI0Y
E01097,Charles,Merritt,austinluis@example.net,11/8/1986,M,6911504930,8/27/2013,Programming - Java,Software_Development,Junior Associate,12,2026-07-05 19:43:49.381694,LCK_20260705_194349_XAJI0Y
E01098,Laura,Banks,travisjose@example.org,8/22/1993,F,3223786004,3/5/2012,Requirement_Gathering,Product_Management,Manager,7,2026-07-05 19:43:49.381694,LCK_20260705_194349_XAJI0Y
E01099,Gregory,Spence,courtneymann@example.net,5/31/1979,M,4527588561,10/14/2019,Penetration_Testing,Cybersecurity,Tech Lead,9,2026-07-05 19:43:49.381694,LCK_20260705_194349_XAJI0Y
E01100,Brandon,King,morgan09@example.org,6/13/1996,M,4793927821,12/9/2013,Competitive_Analysis,Product_Management,Junior Associate,12,2026-07-05 19:43:49.381694,LCK_20260705_194349_XAJI0Y
E01101,Cheryl,Gutierrez,hendersonrandy@example.org,1/26/1992,F,2114633785,8/15/2021,Digital_Marketing - SEM,Sales_Marketing,Manager,7,2026-07-05 19:43:49.381694,LCK_20260705_194349_XAJI0Y
E01102,Michelle,Rosales,jacobswendy@example.org,3/4/1982,F,8061389438,4/7/2020,Recruitment - Interviewing,Human_Resources,Manager,7,2026-07-05 19:43:49.381694,LCK_20260705_194349_XAJI0Y
E01103,Jason,Evans,ugray@example.net,4/21/1972,M,7345907570,11/13/2024,Ticketing_Systems,Customer_Support,Tech Lead,9,2026-07-05 19:43:49.381694,LCK_20260705_194349_XAJI0Y
E01104,Christopher,Walsh,brandysmith@example.org,1/1/1965,M,3356740738,2/11/2023,Customer_Service - Email,Customer_Support,HR,8,2026-07-05 19:43:49.381694,LCK_20260705_194349_XAJI0Y
E01105,Timothy,Salinas,paulbryan@example.net,4/30/1998,M,422709996,11/14/2018,Tools - Selenium,Quality_Assurance,Manager,7,2026-07-05 19:43:49.381694,LCK_20260705_194349_XAJI0Y
E01106,Loretta,Edwards,richard90@example.com,3/16/1975,F,3403320639,1/29/2017,Compliance - ISO27001,Cybersecurity,Manager,7,2026-07-05 19:43:49.381694,LCK_20260705_194349_XAJI0Y
E01107,Daniel,Johnson,xsloan@example.net,11/4/1983,M,6983638235,2/19/2020,Data_Analysis - Python,Data_Analytics,HR,8,2026-07-05 19:43:49.381694,LCK_20260705_194349_XAJI0Y
E01108,Hailey,Walker,kevinjohnson@example.com,5/4/1965,F,4338476214,1/25/2022,CRM - Zendesk,Customer_Support,HR,8,2026-07-05 19:43:49.381694,LCK_20260705_194349_XAJI0Y
E01109,Jeffery,Martin,sarahhernandez@example.net,2/25/1986,M,3677694448,5/4/2016,Digital_Marketing - SEO,Sales_Marketing,Associate,11,2026-07-05 19:43:49.381694,LCK_20260705_194349_XAJI0Y
E01110,Mckenzie,Morris,melindagay@example.net,11/6/1997,M,6861018440,5/10/2010,Penetration_Testing,Cybersecurity,Manager,7,2026-07-05 19:43:49.381694,LCK_20260705_194349_XAJI0Y
E01111,Diane,Bean,pperry@example.org,2/26/1999,M,7704384888,12/13/2011,Stakeholder_Management,Product_Management,HR,8,2026-07-05 19:43:49.381694,LCK_20260705_194349_XAJI0Y
E01112,Meghan,Day,uwhite@example.com,6/4/1987,M,8534430021,9/18/2015,Compliance - ISO27001,Cybersecurity,Associate,11,2026-07-05 19:43:49.381694,LCK_20260705_194349_XAJI0Y
E01113,Dustin,Turner,michael14@example.net,6/16/1961,M,3131607996,2/9/2015,Bug_Tracking,Quality_Assurance,Senior Associate,10,2026-07-05 19:43:49.381694,LCK_20260705_194349_XAJI0Y
E01114,Anna,King,thomasjoshua@example.com,12/2/1987,F,5364801034,6/12/2014,Digital_Marketing - SEM,Sales_Marketing,Tech Lead,9,2026-07-05 19:43:49.381694,LCK_20260705_194349_XAJI0Y
E01115,Jeffrey,Singleton,heather30@example.org,2/27/1982,M,9815902089,5/14/2019,Technical_Product_Knowledge,Sales_Marketing,Associate,11,2026-07-05 19:43:49.381694,LCK_20260705_194349_XAJI0Y
E01116,Gordon,Carr,smithmelissa@example.org,9/3/1997,M,9081629423,11/17/2022,Risk_Management,Cybersecurity,HR,8,2026-07-05 19:43:49.381694,LCK_20260705_194349_XAJI0Y
E01117,Wendy,Molina,hayesaustin@example.org,7/2/1980,F,7268626307,12/15/2011,Version Control - Git,Software_Development,Manager,7,2026-07-05 19:43:49.381694,LCK_20260705_194349_XAJI0Y
E01118,Cody,Stanton,danielcook@example.net,3/6/1980,M,8241605692,6/6/2016,Visualization - Tableau,Data_Analytics,HR,8,2026-07-05 19:43:49.381694,LCK_20260705_194349_XAJI0Y
E01119,Jose,Roy,gjordan@example.org,8/26/1970,M,6645019513,1/10/2023,Visualization - Power_BI,Data_Analytics,Manager,7,2026-07-05 19:43:49.381694,LCK_20260705_194349_XAJI0Y
E01120,Rhonda,Strickland,wheelerjulie@example.org,2/14/1971,F,4104289640,10/30/2021,Financial_Reporting,Finance_Accounting,HR,8,2026-07-05 19:43:49.381694,LCK_20260705_194349_XAJI0Y
E01121,Shannon,Smith,brandi07@example.org,11/1/1960,M,2896003266,1/27/2011,Testing - Manual,Quality_Assurance,Junior Associate,12,2026-07-05 19:43:49.381694,LCK_20260705_194349_XAJI0Y
E01122,Thomas,Maxwell,bdaniels@example.net,7/16/1976,M,9883345040,6/10/2023,Recruitment - Interviewing,Human_Resources,Junior Associate,12,2026-07-05 19:43:49.381694,LCK_20260705_194349_XAJI0Y
E01123,Taylor,Cunningham,andre92@example.com,7/26/1960,M,6217117373,11/18/2021,Version Control - Git,Software_Development,Associate,11,2026-07-05 19:43:49.381694,LCK_20260705_194349_XAJI0Y
E01124,Gary,Moore,jerry72@example.com,9/22/1981,M,6968727137,2/26/2010,Bug_Tracking,Quality_Assurance,Associate,11,2026-07-05 19:43:49.381694,LCK_20260705_194349_XAJI0Y
E01125,Paul,Harris,rhess@example.net,12/17/1985,M,5259201541,12/26/2023,Visualization - Power_BI,Data_Analytics,Senior Associate,10,2026-07-05 19:43:49.381694,LCK_20260705_194349_XAJI0Y
E01126,Lori,Fernandez,cvalentine@example.org,6/12/1986,F,2157447191,7/1/2011,Cloud Platform - AWS,IT_Operations,Senior Associate,10,2026-07-05 19:43:49.381694,LCK_20260705_194349_XAJI0Y
E01127,Courtney,Hawkins,marcolson@example.org,1/18/1979,F,1776959678,10/26/2019,Customer_Service - Voice,Customer_Support,Tech Lead,9,2026-07-05 19:43:49.381694,LCK_20260705_194349_XAJI0Y
E01128,Dylan,Olson,brettshields@example.com,11/19/1978,M,1878754343,3/4/2023,Visualization - Tableau,Data_Analytics,Tech Lead,9,2026-07-05 19:43:49.381694,LCK_20260705_194349_XAJI0Y
E01129,Heather,Reynolds,lucasho@example.net,1/4/1989,M,6952441017,7/25/2018,Data_Analysis - Python,Data_Analytics,Junior Associate,12,2026-07-05 19:43:49.381694,LCK_20260705_194349_XAJI0Y
E01130,Timothy,White,davidzimmerman@example.org,5/18/1970,M,3979412818,3/9/2020,Customer_Service - Email,Customer_Support,Tech Lead,9,2026-07-05 19:43:49.381694,LCK_20260705_194349_XAJI0Y
E01131,Lisa,King,randyroberts@example.com,8/10/1999,F,8777359871,12/7/2016,Payroll_Management,Human_Resources,HR,8,2026-07-05 19:43:49.381694,LCK_20260705_194349_XAJI0Y
E01132,Christina,Andersen,anthonymoody@example.org,7/6/1972,F,3078090394,5/16/2010,HRIS_Systems,Human_Resources,Tech Lead,9,2026-07-05 19:43:49.381694,LCK_20260705_194349_XAJI0Y
E01133,Rebecca,Glass,alexander89@example.org,4/26/1981,F,8935502210,10/18/2013,Testing - Manual,Quality_Assurance,Associate,11,2026-07-05 19:43:49.381694,LCK_20260705_194349_XAJI0Y
E01134,Dustin,Sullivan,glane@example.com,2/7/1992,M,7189917158,7/21/2022,Testing - Manual,Quality_Assurance,Associate,11,2026-07-05 19:43:49.381694,LCK_20260705_194349_XAJI0Y
E01135,Alexis,Simmons,lmills@example.com,11/18/1988,F,5970140724,6/13/2018,Requirement_Gathering,Product_Management,Junior Associate,12,2026-07-05 19:43:49.381694,LCK_20260705_194349_XAJI0Y
E01136,Tracy,Smith,singhlarry@example.org,12/9/1980,F,720359665,3/31/2011,HRIS_Systems,Human_Resources,Associate,11,2026-07-05 19:43:49.381694,LCK_20260705_194349_XAJI0Y
E01137,Debra,Jennings,ryan42@example.com,10/12/1975,M,3612757816,7/12/2011,Tools - Selenium,Quality_Assurance,Senior Associate,10,2026-07-05 19:43:49.381694,LCK_20260705_194349_XAJI0Y
E01138,Kimberly,Powell,gregoryronald@example.com,9/28/1994,F,8646890479,5/5/2015,Programming - Python,Software_Development,HR,8,2026-07-05 19:43:49.381694,LCK_20260705_194349_XAJI0Y
E01139,Adrian,Swanson,mariamoss@example.com,10/9/1972,M,7858503803,1/31/2012,Penetration_Testing,Cybersecurity,HR,8,2026-07-05 19:43:49.381694,LCK_20260705_194349_XAJI0Y
E01140,Jim,Jackson,spotter@example.org,1/4/1973,M,570953829,1/15/2025,Penetration_Testing,Cybersecurity,Senior Associate,10,2026-07-05 19:43:49.381694,LCK_20260705_194349_XAJI0Y
E01141,Michaela,Smith,clifford54@example.net,7/31/1995,F,5408308333,12/19/2024,Budgeting_Forecasting,Finance_Accounting,Tech Lead,9,2026-07-05 19:43:49.381694,LCK_20260705_194349_XAJI0Y
E01142,Frank,Brown,reneechristensen@example.net,1/24/1966,M,5495465394,4/4/2023,Data_Engineering - SQL,Data_Analytics,Manager,7,2026-07-05 19:43:49.381694,LCK_20260705_194349_XAJI0Y
E01143,Matthew,Johnson,bmarquez@example.org,7/3/1969,M,6787143460,9/15/2023,Recruitment - Interviewing,Human_Resources,Manager,7,2026-07-05 19:43:49.381694,LCK_20260705_194349_XAJI0Y
E01144,Kristina,Jones,daviesdaniel@example.org,10/22/1975,F,5877015854,10/11/2021,Ticketing_Systems,Customer_Support,Tech Lead,9,2026-07-05 19:43:49.381694,LCK_20260705_194349_XAJI0Y
E01145,Omar,Moore,catherinegonzalez@example.net,7/21/1988,M,4575072485,10/17/2019,Competitive_Analysis,Product_Management,Tech Lead,9,2026-07-05 19:43:49.381694,LCK_20260705_194349_XAJI0Y
E01146,Dustin,Carter,sophiareyes@example.com,8/27/1989,M,313702731,8/19/2011,Data_Analysis - R,Data_Analytics,Associate,11,2026-07-05 19:43:49.381694,LCK_20260705_194349_XAJI0Y
E01147,Cheyenne,Willis,jasminewagner@example.net,11/6/1970,F,6514472513,3/29/2020,Programming - JavaScript,Software_Development,Associate,11,2026-07-05 19:43:49.381694,LCK_20260705_194349_XAJI0Y
E01148,Cody,Perez,ryanbeck@example.org,6/26/1994,M,8910562379,6/1/2010,Data_Analysis - R,Data_Analytics,Senior Associate,10,2026-07-05 19:43:49.381694,LCK_20260705_194349_XAJI0Y
E01149,Jason,Miranda,ohickman@example.org,10/8/1962,M,5571847438,8/11/2013,Data_Analysis - Python,Data_Analytics,Junior Associate,12,2026-07-05 19:43:49.381694,LCK_20260705_194349_XAJI0Y
E01150,Michelle,Johnson,thomasscott@example.org,5/16/1979,F,3140087404,12/19/2010,Server Admin - Linux,IT_Operations,Tech Lead,9,2026-07-05 19:43:49.381694,LCK_20260705_194349_XAJI0Y
E01151,Sarah,Thompson,ewilliams@example.com,10/9/1967,F,9781286478,5/12/2015,Accounting - Tally,Finance_Accounting,Junior Associate,12,2026-07-05 19:43:49.381694,LCK_20260705_194349_XAJI0Y
E01152,Ann,Holmes,maciaschristina@example.com,4/1/1966,M,4693208483,7/4/2019,Data_Analysis - Python,Data_Analytics,Manager,7,2026-07-05 19:43:49.381694,LCK_20260705_194349_XAJI0Y
E01153,David,Fernandez,miguel77@example.com,6/12/1960,M,1132291218,10/4/2013,Digital_Marketing - SEO,Sales_Marketing,Senior Associate,10,2026-07-05 19:43:49.381694,LCK_20260705_194349_XAJI0Y
E01154,Jeffrey,Byrd,sluna@example.org,3/14/1990,M,7528667038,2/28/2014,Compliance - GAAP,Finance_Accounting,Manager,7,2026-07-05 19:43:49.381694,LCK_20260705_194349_XAJI0Y
E01155,Megan,Smith,rachellopez@example.org,10/26/1966,F,627579900,9/3/2019,Testing - Manual,Quality_Assurance,HR,8,2026-07-05 19:43:49.381694,LCK_20260705_194349_XAJI0Y
E01156,John,Osborne,williamsjohnny@example.com,8/31/1987,M,4745260273,8/6/2011,Ticketing_Systems,Customer_Support,Tech Lead,9,2026-07-05 19:43:49.381694,LCK_20260705_194349_XAJI0Y
E01157,Trevor,Li,uyu@example.net,10/22/1969,M,5749176738,9/22/2020,Accounting - Tally,Finance_Accounting,Tech Lead,9,2026-07-05 19:43:49.381694,LCK_20260705_194349_XAJI0Y
E01158,Anita,Burton,jason99@example.org,2/2/1998,F,4622300566,10/31/2014,Escalation_Management,Customer_Support,Manager,7,2026-07-05 19:43:49.381694,LCK_20260705_194349_XAJI0Y
E01159,Gabriel,Porter,sherry13@example.net,1/21/1990,M,8682835376,5/25/2011,Bug_Tracking,Quality_Assurance,Senior Associate,10,2026-07-05 19:43:49.381694,LCK_20260705_194349_XAJI0Y
E01160,Amanda,Wilkins,karlacurtis@example.org,4/25/1976,M,1858804943,2/27/2024,Compliance - GAAP,Finance_Accounting,Senior Associate,10,2026-07-05 19:43:49.381694,LCK_20260705_194349_XAJI0Y
E01161,Kevin,Roberts,melissa00@example.com,2/16/1999,M,3603679910,5/9/2021,Digital_Marketing - SEM,Sales_Marketing,Associate,11,2026-07-05 19:43:49.381694,LCK_20260705_194349_XAJI0Y
E01162,Brenda,Walters,erinpatrick@example.org,2/9/1973,F,1138422132,1/2/2014,Version Control - Git,Software_Development,Tech Lead,9,2026-07-05 19:43:49.381694,LCK_20260705_194349_XAJI0Y
E01163,Tracey,Garcia,zlambert@example.com,12/25/1980,F,6693567924,5/9/2020,Payroll_Management,Human_Resources,Manager,7,2026-07-05 19:43:49.381694,LCK_20260705_194349_XAJI0Y
E01164,Crystal,Nelson,davistiffany@example.net,12/26/1979,F,1470966370,9/8/2024,Server Admin - Linux,IT_Operations,Associate,11,2026-07-05 19:43:49.381694,LCK_20260705_194349_XAJI0Y
E01165,Mark,Duncan,rstone@example.org,4/3/1980,M,4378956489,5/10/2020,Digital_Marketing - SEO,Sales_Marketing,Tech Lead,9,2026-07-05 19:43:49.381694,LCK_20260705_194349_XAJI0Y
E01166,Heather,King,jparker@example.com,4/25/1992,F,9385044140,3/7/2019,Campaign_Management,Sales_Marketing,Tech Lead,9,2026-07-05 19:43:49.381694,LCK_20260705_194349_XAJI0Y
E01167,Caroline,Patterson,robertbrooks@example.com,5/23/1961,F,7063587185,5/8/2024,Tools - JIRA,Quality_Assurance,Associate,11,2026-07-05 19:43:49.381694,LCK_20260705_194349_XAJI0Y
E01168,Colleen,Whitehead,rfisher@example.org,10/21/1972,M,5654891902,9/17/2012,CRM - Salesforce,Sales_Marketing,Manager,7,2026-07-05 19:43:49.381694,LCK_20260705_194349_XAJI0Y
E01169,Larry,Mccall,charles23@example.com,10/4/1984,M,9481432161,8/13/2021,Compliance - GAAP,Finance_Accounting,Manager,7,2026-07-05 19:43:49.381694,LCK_20260705_194349_XAJI0Y
E01170,Shannon,Medina,lindafowler@example.com,3/16/1970,M,2053552920,4/4/2022,Risk_Management,Cybersecurity,Manager,7,2026-07-05 19:43:49.381694,LCK_20260705_194349_XAJI0Y
E01171,Joseph,Edwards,rhodeschristopher@example.org,2/26/1999,M,8823625276,1/13/2020,Requirement_Gathering,Product_Management,Manager,7,2026-07-05 19:43:49.381694,LCK_20260705_194349_XAJI0Y
E01172,William,Rodriguez,melody84@example.org,9/24/1989,M,5032616877,5/26/2022,Data_Engineering - SQL,Data_Analytics,Senior Associate,10,2026-07-05 19:43:49.381694,LCK_20260705_194349_XAJI0Y
E01173,Alyssa,Blair,nknapp@example.org,5/26/1977,M,2489810140,5/21/2013,Campaign_Management,Sales_Marketing,Junior Associate,12,2026-07-05 19:43:49.381694,LCK_20260705_194349_XAJI0Y
E01174,Julia,Walker,bdaugherty@example.org,4/6/1975,F,2433355945,5/18/2010,Employee_Engagement,Human_Resources,Junior Associate,12,2026-07-05 19:43:49.381694,LCK_20260705_194349_XAJI0Y
E01175,Timothy,Cook,rogersmaria@example.com,12/20/1963,M,2587834304,2/3/2010,Payroll_Management,Human_Resources,Senior Associate,10,2026-07-05 19:43:49.381694,LCK_20260705_194349_XAJI0Y
E01176,Lee,Johnson,debraharrell@example.org,9/2/1969,M,3237005656,9/30/2011,Accounting - Tally,Finance_Accounting,Manager,7,2026-07-05 19:43:49.381694,LCK_20260705_194349_XAJI0Y
E01177,Douglas,Lynch,parkerbruce@example.net,10/3/1960,M,268771509,3/15/2022,Campaign_Management,Sales_Marketing,Junior Associate,12,2026-07-05 19:43:49.381694,LCK_20260705_194349_XAJI0Y
E01178,Gina,Anderson,stefaniegonzalez@example.org,10/10/1966,F,1521846193,10/26/2016,Compliance - ISO27001,Cybersecurity,Manager,7,2026-07-05 19:43:49.381694,LCK_20260705_194349_XAJI0Y
E01179,Kyle,Murphy,brianperez@example.com,5/1/1992,M,9385198953,1/8/2022,Cloud Platform - AWS,IT_Operations,Junior Associate,12,2026-07-05 19:43:49.381694,LCK_20260705_194349_XAJI0Y
E01180,Mark,Nguyen,mckayandrew@example.org,5/11/1981,M,6626175995,7/10/2022,Escalation_Management,Customer_Support,HR,8,2026-07-05 19:43:49.381694,LCK_20260705_194349_XAJI0Y
E01181,Paul,Kent,duncanshelby@example.net,5/16/1994,M,243883904,4/1/2024,Programming - JavaScript,Software_Development,Manager,7,2026-07-05 19:43:49.381694,LCK_20260705_194349_XAJI0Y
E01182,Jessica,Webster,michael25@example.org,10/21/1992,F,8178978237,5/14/2021,Bug_Tracking,Quality_Assurance,Tech Lead,9,2026-07-05 19:43:49.381694,LCK_20260705_194349_XAJI0Y
E01183,Brenda,Thompson,fjackson@example.com,1/25/1977,F,8620931034,7/29/2013,Accounting - Tally,Finance_Accounting,Junior Associate,12,2026-07-05 19:43:49.381694,LCK_20260705_194349_XAJI0Y
E01184,Mark,Fletcher,savannahcannon@example.com,6/16/1994,M,7202465127,6/14/2018,Security - Network,Cybersecurity,Senior Associate,10,2026-07-05 19:43:49.381694,LCK_20260705_194349_XAJI0Y
E01185,Nicole,Vasquez,kathy29@example.org,10/18/1970,M,3314733014,12/4/2021,Visualization - Power_BI,Data_Analytics,Tech Lead,9,2026-07-05 19:43:49.381694,LCK_20260705_194349_XAJI0Y
E01186,Erica,Wilkins,jillianmcgrath@example.com,2/20/1971,F,1908242966,11/19/2018,Employee_Engagement,Human_Resources,Tech Lead,9,2026-07-05 19:43:49.381694,LCK_20260705_194349_XAJI0Y
E01187,Manuel,Glass,gmoore@example.com,8/1/1984,M,5627894304,2/26/2025,Customer_Service - Email,Customer_Support,Associate,11,2026-07-05 19:43:49.381694,LCK_20260705_194349_XAJI0Y
E01188,Emily,Valencia,brandon15@example.net,8/18/1972,F,6655424486,10/3/2016,Cloud Platform - Azure,IT_Operations,Associate,11,2026-07-05 19:43:49.381694,LCK_20260705_194349_XAJI0Y
E01189,Tiffany,Lin,rogerspatricia@example.org,1/7/1966,M,3146974536,12/6/2016,CRM - Salesforce,Sales_Marketing,Manager,7,2026-07-05 19:43:49.381694,LCK_20260705_194349_XAJI0Y
E01190,Cathy,Hall,rbridges@example.net,6/19/1988,M,7984526865,12/19/2010,Testing - Manual,Quality_Assurance,Manager,7,2026-07-05 19:43:49.381694,LCK_20260705_194349_XAJI0Y
E01191,William,Molina,vmason@example.org,2/13/1988,M,2482364559,12/28/2022,Agile - Scrum,Product_Management,Junior Associate,12,2026-07-05 19:43:49.381694,LCK_20260705_194349_XAJI0Y
E01192,Richard,Thornton,greggood@example.org,9/30/1963,M,347600412,11/17/2023,Server Admin - Windows,IT_Operations,Tech Lead,9,2026-07-05 19:43:49.381694,LCK_20260705_194349_XAJI0Y
E01193,Sarah,Jordan,johnwells@example.net,6/9/1960,F,5343199019,8/9/2012,Version Control - Git,Software_Development,Associate,11,2026-07-05 19:43:49.381694,LCK_20260705_194349_XAJI0Y
E01194,Craig,Herrera,allisonsolis@example.net,7/25/1960,M,8328594224,1/19/2020,Risk_Management,Cybersecurity,Tech Lead,9,2026-07-05 19:43:49.381694,LCK_20260705_194349_XAJI0Y
E01195,Amanda,Dominguez,christopher34@example.net,4/21/1996,F,4301310209,6/23/2024,Digital_Marketing - SEO,Sales_Marketing,Tech Lead,9,2026-07-05 19:43:49.381694,LCK_20260705_194349_XAJI0Y
E01196,Jasmine,Obrien,amandaharrison@example.com,11/11/1992,F,6989671075,8/10/2019,Digital_Marketing - SEM,Sales_Marketing,HR,8,2026-07-05 19:43:49.381694,LCK_20260705_194349_XAJI0Y
E01197,Gabriel,Lopez,cclark@example.net,5/18/1999,M,8045901605,11/16/2017,Testing - Automation,Quality_Assurance,Manager,7,2026-07-05 19:43:49.381694,LCK_20260705_194349_XAJI0Y
E01198,Kelsey,Ramos,grantcandice@example.org,1/14/1988,M,965127345,4/4/2017,Product_Roadmapping,Product_Management,Associate,11,2026-07-05 19:43:49.381694,LCK_20260705_194349_XAJI0Y
E01199,Amy,Ramirez,porterjoseph@example.net,7/12/1994,F,196338326,1/7/2021,Customer_Service - Voice,Customer_Support,Manager,7,2026-07-05 19:43:49.381694,LCK_20260705_194349_XAJI0Y
E01200,Angela,Smith,michael32@example.org,10/12/1964,M,9566290975,12/15/2023,Tools - JIRA,Quality_Assurance,Associate,11,2026-07-05 19:43:49.381694,LCK_20260705_194349_XAJI0Y
E01201,Johnny,White,howardmelinda@example.net,3/22/1994,M,599185340,10/20/2014,Server Admin - Windows,IT_Operations,HR,8,2026-07-05 19:43:49.381694,LCK_20260705_194349_XAJI0Y
E01202,Jeffrey,Yoder,jasonjones@example.org,4/2/1985,M,4333192435,10/24/2018,Server Admin - Windows,IT_Operations,Junior Associate,12,2026-07-05 19:43:49.381694,LCK_20260705_194349_XAJI0Y
E01203,Kelly,Miller,hector70@example.com,5/17/1986,F,4954601669,8/28/2021,Customer_Service - Email,Customer_Support,Associate,11,2026-07-05 19:43:49.381694,LCK_20260705_194349_XAJI0Y
E01204,Debra,Holder,john53@example.net,12/31/1971,F,4893454169,8/7/2012,Agile - Scrum,Product_Management,Associate,11,2026-07-05 19:43:49.381694,LCK_20260705_194349_XAJI0Y
E01205,Billy,Wilkerson,zacharyburke@example.net,12/21/1971,M,5160461196,5/18/2023,Recruitment - Sourcing,Human_Resources,Manager,7,2026-07-05 19:43:49.381694,LCK_20260705_194349_XAJI0Y
E01206,Cody,Davis,zimmermanjennifer@example.com,7/10/1972,M,1021232413,6/17/2016,Recruitment - Sourcing,Human_Resources,Tech Lead,9,2026-07-05 19:43:49.381694,LCK_20260705_194349_XAJI0Y
E01207,Christopher,Schmidt,jenniferroberts@example.net,3/27/1995,M,7745631585,7/28/2015,Financial_Reporting,Finance_Accounting,Senior Associate,10,2026-07-05 19:43:49.381694,LCK_20260705_194349_XAJI0Y
E01208,Larry,Faulkner,ashleyleonard@example.net,9/11/1999,M,250626092,3/5/2018,Escalation_Management,Customer_Support,HR,8,2026-07-05 19:43:49.381694,LCK_20260705_194349_XAJI0Y
E01209,Lauren,Mayer,yvette33@example.net,8/9/1985,M,6481004072,11/25/2024,Payroll_Management,Human_Resources,Associate,11,2026-07-05 19:43:49.381694,LCK_20260705_194349_XAJI0Y
E01210,Robin,Medina,ibarrett@example.net,6/12/1964,F,3455739303,11/5/2012,Campaign_Management,Sales_Marketing,Junior Associate,12,2026-07-05 19:43:49.381694,LCK_20260705_194349_XAJI0Y
E01211,Katrina,Horn,shannonmargaret@example.com,4/14/1972,F,9208251929,5/1/2014,Stakeholder_Management,Product_Management,HR,8,2026-07-05 19:43:49.381694,LCK_20260705_194349_XAJI0Y
E01212,Henry,Kennedy,carrollmatthew@example.org,11/30/1965,M,5292388678,8/10/2014,Digital_Marketing - SEM,Sales_Marketing,HR,8,2026-07-05 19:43:49.381694,LCK_20260705_194349_XAJI0Y
E01213,Adrian,Smith,qkim@example.org,5/22/1969,M,9767758352,1/15/2013,HRIS_Systems,Human_Resources,Manager,7,2026-07-05 19:43:49.381694,LCK_20260705_194349_XAJI0Y
E01214,Debra,Harris,katherine91@example.net,11/4/1982,M,6587186310,5/17/2020,Budgeting_Forecasting,Finance_Accounting,Junior Associate,12,2026-07-05 19:43:49.381694,LCK_20260705_194349_XAJI0Y
E01215,Jeffrey,Crawford,curtis98@example.com,12/12/1984,M,5615531748,3/27/2021,Ticketing_Systems,Customer_Support,Associate,11,2026-07-05 19:43:49.381694,LCK_20260705_194349_XAJI0Y
E01216,Emma,Moore,garciajeremy@example.net,5/28/1979,F,1320980723,9/27/2013,CRM - Zendesk,Customer_Support,Associate,11,2026-07-05 19:43:49.381694,LCK_20260705_194349_XAJI0Y
E01217,Tyler,Lin,vasquezdebra@example.com,8/19/1993,M,4030660318,12/19/2010,Competitive_Analysis,Product_Management,Tech Lead,9,2026-07-05 19:43:49.381694,LCK_20260705_194349_XAJI0Y
E01218,Marissa,Miller,donna83@example.net,12/18/1970,M,8900016869,8/21/2022,Technical_Product_Knowledge,Sales_Marketing,HR,8,2026-07-05 19:43:49.381694,LCK_20260705_194349_XAJI0Y
E01219,Reginald,Mason,christineali@example.com,9/10/1969,M,5553513312,3/20/2010,Competitive_Analysis,Product_Management,Junior Associate,12,2026-07-05 19:43:49.381694,LCK_20260705_194349_XAJI0Y
E01220,Nancy,Wells,stanley92@example.com,4/13/1989,F,8846842874,2/19/2015,Recruitment - Sourcing,Human_Resources,Manager,7,2026-07-05 19:43:49.381694,LCK_20260705_194349_XAJI0Y
E01221,Kaitlyn,Bailey,alyssa41@example.org,5/10/1993,M,7747263352,5/2/2010,Software Architecture,Software_Development,HR,8,2026-07-05 19:43:49.381694,LCK_20260705_194349_XAJI0Y
E01222,Nancy,James,connorromero@example.com,3/17/1975,M,7819661792,4/30/2018,Digital_Marketing - SEM,Sales_Marketing,Senior Associate,10,2026-07-05 19:43:49.381694,LCK_20260705_194349_XAJI0Y
E01223,Kevin,Best,osolomon@example.org,4/20/1971,M,8835356312,8/26/2019,Employee_Engagement,Human_Resources,Tech Lead,9,2026-07-05 19:43:49.381694,LCK_20260705_194349_XAJI0Y
E01224,Robert,Smith,joshua33@example.net,2/3/1985,M,4097119844,2/3/2017,Compliance - GAAP,Finance_Accounting,HR,8,2026-07-05 19:43:49.381694,LCK_20260705_194349_XAJI0Y
E01225,Patricia,Patrick,kellysanchez@example.com,2/8/1976,F,8434796980,10/7/2015,Programming - JavaScript,Software_Development,Manager,7,2026-07-05 19:43:49.381694,LCK_20260705_194349_XAJI0Y
E01226,Patrick,Smith,stewarttimothy@example.net,1/21/1965,M,1039402813,6/6/2014,Software Architecture,Software_Development,Associate,11,2026-07-05 19:43:49.381694,LCK_20260705_194349_XAJI0Y
E01227,Michael,Navarro,jonesmikayla@example.org,5/10/1965,M,6533614199,3/22/2012,Financial_Reporting,Finance_Accounting,Tech Lead,9,2026-07-05 19:43:49.381694,LCK_20260705_194349_XAJI0Y
E01228,Raymond,White,ann61@example.org,4/20/1976,M,3760168263,3/3/2021,Network Management,IT_Operations,Tech Lead,9,2026-07-05 19:43:49.381694,LCK_20260705_194349_XAJI0Y
E01229,Timothy,Martinez,paulwhite@example.com,9/5/1962,M,321877540,7/31/2017,CRM - Zendesk,Customer_Support,Associate,11,2026-07-05 19:43:49.381694,LCK_20260705_194349_XAJI0Y
E01230,Philip,Mercer,ajimenez@example.com,11/4/1978,M,4647505923,9/22/2022,Bug_Tracking,Quality_Assurance,Associate,11,2026-07-05 19:43:49.381694,LCK_20260705_194349_XAJI0Y
E01231,Sara,Johnson,hscott@example.com,10/8/1995,M,6040653136,1/15/2020,Digital_Marketing - SEO,Sales_Marketing,Junior Associate,12,2026-07-05 19:43:49.381694,LCK_20260705_194349_XAJI0Y
E01232,Theresa,Diaz,sallen@example.org,10/2/1987,M,5195545556,8/9/2022,Ticketing_Systems,Customer_Support,Tech Lead,9,2026-07-05 19:43:49.381694,LCK_20260705_194349_XAJI0Y
E01233,Donald,Blair,jeffreyrogers@example.org,10/23/1990,M,6105950605,5/29/2010,Data_Analysis - Python,Data_Analytics,Manager,7,2026-07-05 19:43:49.381694,LCK_20260705_194349_XAJI0Y
E01234,Dawn,Cox,amber89@example.net,10/16/1984,F,8612247842,5/3/2019,Competitive_Analysis,Product_Management,HR,8,2026-07-05 19:43:49.381694,LCK_20260705_194349_XAJI0Y
E01235,Jill,Lewis,antonio55@example.com,12/16/1974,F,5912589229,4/23/2016,Data_Analysis - R,Data_Analytics,HR,8,2026-07-05 19:43:49.381694,LCK_20260705_194349_XAJI0Y
E01236,Aaron,Evans,chambersalexis@example.com,12/14/1963,M,4531646842,8/7/2021,Data_Analysis - R,Data_Analytics,Senior Associate,10,2026-07-05 19:43:49.381694,LCK_20260705_194349_XAJI0Y
E01237,George,Brown,sweeneytamara@example.com,2/5/1985,M,6657875997,6/25/2015,Testing - Automation,Quality_Assurance,Associate,11,2026-07-05 19:43:49.381694,LCK_20260705_194349_XAJI0Y
E01238,Kathy,Cochran,bryanmurray@example.org,9/25/1990,F,4478273994,11/1/2023,Visualization - Power_BI,Data_Analytics,Senior Associate,10,2026-07-05 19:43:49.381694,LCK_20260705_194349_XAJI0Y
E01239,Mark,Garcia,thomashill@example.com,3/6/1989,M,9722931011,3/12/2015,Testing - Automation,Quality_Assurance,Associate,11,2026-07-05 19:43:49.381694,LCK_20260705_194349_XAJI0Y
E01240,Kenneth,Gonzalez,castilloevelyn@example.net,2/7/1965,M,1958403890,12/8/2013,Server Admin - Windows,IT_Operations,Senior Associate,10,2026-07-05 19:43:49.381694,LCK_20260705_194349_XAJI0Y
E01241,Dale,Lopez,lindsayowens@example.org,11/28/1992,M,6349186263,7/23/2018,Programming - JavaScript,Software_Development,Junior Associate,12,2026-07-05 19:43:49.381694,LCK_20260705_194349_XAJI0Y
E01242,Karen,Mccarty,whiteandrew@example.com,8/3/1981,M,2845929227,10/13/2013,Programming - Python,Software_Development,Manager,7,2026-07-05 19:43:49.381694,LCK_20260705_194349_XAJI0Y
E01243,Jordan,Watts,uellis@example.com,10/20/1998,M,429166566,1/14/2019,Cloud Platform - AWS,IT_Operations,HR,8,2026-07-05 19:43:49.381694,LCK_20260705_194349_XAJI0Y
E01244,Jeffrey,Johnson,millerthomas@example.com,2/26/1990,M,2012101441,9/11/2019,Product_Roadmapping,Product_Management,Senior Associate,10,2026-07-05 19:43:49.381694,LCK_20260705_194349_XAJI0Y
E01245,Scott,Williams,tommy73@example.org,11/19/1971,M,1657262878,1/21/2017,Accounting - Tally,Finance_Accounting,Junior Associate,12,2026-07-05 19:43:49.381694,LCK_20260705_194349_XAJI0Y
E01246,Ryan,Roach,jerry92@example.org,10/7/1994,M,7932999858,12/5/2016,Recruitment - Interviewing,Human_Resources,Manager,7,2026-07-05 19:43:49.381694,LCK_20260705_194349_XAJI0Y
E01247,Billy,Ellis,zacharymartinez@example.com,11/15/1972,M,3477419101,10/3/2014,HRIS_Systems,Human_Resources,Manager,7,2026-07-05 19:43:49.381694,LCK_20260705_194349_XAJI0Y
E01248,Jennifer,Thompson,brendamcfarland@example.com,2/21/1970,M,9424781616,4/21/2023,Data_Engineering - SQL,Data_Analytics,Tech Lead,9,2026-07-05 19:43:49.381694,LCK_20260705_194349_XAJI0Y
E01249,Christopher,Cox,dbonilla@example.com,2/9/1988,M,5707051268,1/5/2022,Security - Application,Cybersecurity,HR,8,2026-07-05 19:43:49.381694,LCK_20260705_194349_XAJI0Y
E01250,Kevin,Crawford,simmonsabigail@example.org,2/17/1961,M,8143443409,7/4/2018,Risk_Management,Cybersecurity,Tech Lead,9,2026-07-05 19:43:49.381694,LCK_20260705_194349_XAJI0Y
E01251,Elizabeth,Wright,reneerussell@example.com,4/16/1998,F,8182322550,4/3/2014,Bug_Tracking,Quality_Assurance,Senior Associate,10,2026-07-05 19:43:49.381694,LCK_20260705_194349_XAJI0Y
E01252,Jessica,Williams,delgadozachary@example.net,8/3/1982,F,6174462869,3/4/2011,Penetration_Testing,Cybersecurity,Manager,7,2026-07-05 19:43:49.381694,LCK_20260705_194349_XAJI0Y
E01253,Adam,Weiss,valerie70@example.com,6/20/1978,M,6701104164,5/8/2013,Server Admin - Linux,IT_Operations,Associate,11,2026-07-05 19:43:49.381694,LCK_20260705_194349_XAJI0Y
E01254,Chad,Rivera,asteele@example.com,11/3/1970,M,4737602838,5/25/2016,Data_Analysis - Python,Data_Analytics,Senior Associate,10,2026-07-05 19:43:49.381694,LCK_20260705_194349_XAJI0Y
E01255,Candice,Dunn,jennifernichols@example.org,1/8/1969,F,3529812930,10/17/2012,Cloud Platform - AWS,IT_Operations,Associate,11,2026-07-05 19:43:49.381694,LCK_20260705_194349_XAJI0Y
E01256,Shelley,Hubbard,christopher71@example.net,11/3/1992,M,9755542268,7/12/2024,CRM - Salesforce,Sales_Marketing,Associate,11,2026-07-05 19:43:49.381694,LCK_20260705_194349_XAJI0Y
E01257,Zachary,Larson,iedwards@example.com,5/29/1967,M,9110021463,3/12/2014,CRM - Zendesk,Customer_Support,Manager,7,2026-07-05 19:43:49.381694,LCK_20260705_194349_XAJI0Y
E01258,Morgan,Edwards,fostermichael@example.org,7/2/1972,F,6403749367,5/5/2012,CRM - Zendesk,Customer_Support,Junior Associate,12,2026-07-05 19:43:49.381694,LCK_20260705_194349_XAJI0Y
E01259,Erica,Foster,hickmanbrandon@example.org,10/8/1961,F,6375557915,6/28/2019,Programming - Python,Software_Development,Tech Lead,9,2026-07-05 19:43:49.381694,LCK_20260705_194349_XAJI0Y
E01260,Tracy,Mccall,elizabeth77@example.org,5/25/1960,F,2000896655,2/18/2013,Visualization - Power_BI,Data_Analytics,Junior Associate,12,2026-07-05 19:43:49.381694,LCK_20260705_194349_XAJI0Y
E01261,James,Bailey,anthony47@example.org,10/24/1991,M,3878978432,10/31/2012,Data_Engineering - SQL,Data_Analytics,Associate,11,2026-07-05 19:43:49.381694,LCK_20260705_194349_XAJI0Y
E01262,Rachel,Johnson,matthewsmichael@example.com,12/12/1984,M,936610107,4/7/2011,Server Admin - Windows,IT_Operations,Manager,7,2026-07-05 19:43:49.381694,LCK_20260705_194349_XAJI0Y
E01263,Evelyn,Gray,dunnjennifer@example.org,2/25/1984,F,5947253127,3/4/2010,Cloud Platform - Azure,IT_Operations,Tech Lead,9,2026-07-05 19:43:49.381694,LCK_20260705_194349_XAJI0Y
E01264,Amanda,Ray,dianachandler@example.org,7/10/1985,F,6312579547,7/21/2010,Programming - Java,Software_Development,Manager,7,2026-07-05 19:43:49.381694,LCK_20260705_194349_XAJI0Y
E01265,Aaron,Jimenez,carterclayton@example.com,1/12/1968,M,7718069491,10/28/2015,Server Admin - Windows,IT_Operations,HR,8,2026-07-05 19:43:49.381694,LCK_20260705_194349_XAJI0Y
E01266,Ashley,Guerrero,william74@example.net,11/26/1962,M,4043056882,5/8/2025,Version Control - Git,Software_Development,HR,8,2026-07-05 19:43:49.381694,LCK_20260705_194349_XAJI0Y
E01267,Anthony,Huff,william43@example.net,1/30/1973,M,3504976231,2/23/2014,Software Architecture,Software_Development,Junior Associate,12,2026-07-05 19:43:49.381694,LCK_20260705_194349_XAJI0Y
E01268,Arthur,Smith,lstrickland@example.com,3/3/1982,M,5265099192,6/18/2022,Recruitment - Interviewing,Human_Resources,Junior Associate,12,2026-07-05 19:43:49.381694,LCK_20260705_194349_XAJI0Y
E01269,Chelsea,Peterson,adrianchristian@example.net,6/9/1997,M,6794432481,3/14/2022,Accounting - Tally,Finance_Accounting,HR,8,2026-07-05 19:43:49.381694,LCK_20260705_194349_XAJI0Y
E01270,Cole,Allen,xhartman@example.org,4/20/1971,M,3425978242,3/26/2011,Software Architecture,Software_Development,Junior Associate,12,2026-07-05 19:43:49.381694,LCK_20260705_194349_XAJI0Y
E01271,Dawn,Ross,rodriguezkaren@example.net,8/25/1997,M,1651857421,11/19/2017,Security - Network,Cybersecurity,Junior Associate,12,2026-07-05 19:43:49.381694,LCK_20260705_194349_XAJI0Y
E01272,Marco,Wilson,ruben80@example.org,6/22/1995,M,4471040332,4/21/2018,Penetration_Testing,Cybersecurity,Senior Associate,10,2026-07-05 19:43:49.381694,LCK_20260705_194349_XAJI0Y
E01273,Nicholas,Koch,jcohen@example.net,5/1/1973,M,1145215920,3/1/2019,Employee_Engagement,Human_Resources,Junior Associate,12,2026-07-05 19:43:49.381694,LCK_20260705_194349_XAJI0Y
E01274,Nicole,Jenkins,phillip11@example.net,1/6/1998,F,7320491221,4/16/2020,Software Architecture,Software_Development,Associate,11,2026-07-05 19:43:49.381694,LCK_20260705_194349_XAJI0Y
E01275,Joseph,Cameron,allenscott@example.net,11/18/1981,M,274438431,3/17/2012,Stakeholder_Management,Product_Management,Tech Lead,9,2026-07-05 19:43:49.381694,LCK_20260705_194349_XAJI0Y
E01276,Ronald,Howard,johndavid@example.com,7/15/1999,M,2183491871,12/27/2021,Penetration_Testing,Cybersecurity,Junior Associate,12,2026-07-05 19:43:49.381694,LCK_20260705_194349_XAJI0Y
E01277,Katherine,Jones,adamramirez@example.com,7/8/1998,F,5203631761,3/25/2025,Data_Engineering - SQL,Data_Analytics,Tech Lead,9,2026-07-05 19:43:49.381694,LCK_20260705_194349_XAJI0Y
E01278,Brianna,Harvey,paulgross@example.net,8/20/1976,F,1621410558,5/27/2018,Penetration_Testing,Cybersecurity,Senior Associate,10,2026-07-05 19:43:49.381694,LCK_20260705_194349_XAJI0Y
E01279,Emily,Archer,kayleewong@example.org,8/4/1964,F,3165887997,9/24/2019,Digital_Marketing - SEM,Sales_Marketing,Associate,11,2026-07-05 19:43:49.381694,LCK_20260705_194349_XAJI0Y
E01280,Kristina,Snyder,mcmahondaniel@example.com,2/14/1990,F,9688371490,3/17/2019,Accounting - SAP_FICO,Finance_Accounting,HR,8,2026-07-05 19:43:49.381694,LCK_20260705_194349_XAJI0Y
E01281,Lindsay,Love,marshallmegan@example.org,9/26/1995,F,5574933126,2/23/2014,Programming - Python,Software_Development,Junior Associate,12,2026-07-05 19:43:49.381694,LCK_20260705_194349_XAJI0Y
E01282,Rachel,Ortiz,madisonreese@example.org,8/27/1988,M,5461538962,7/22/2022,Programming - Java,Software_Development,Manager,7,2026-07-05 19:43:49.381694,LCK_20260705_194349_XAJI0Y
E01283,Adrienne,Leonard,donald40@example.com,11/13/1990,F,9651735525,6/23/2021,Bug_Tracking,Quality_Assurance,Junior Associate,12,2026-07-05 19:43:49.381694,LCK_20260705_194349_XAJI0Y
E01284,Theresa,Wall,kimberlymartinez@example.org,10/20/1986,M,2498796485,4/12/2015,Competitive_Analysis,Product_Management,Manager,7,2026-07-05 19:43:49.381694,LCK_20260705_194349_XAJI0Y
E01285,Gloria,Diaz,xburns@example.org,1/30/1978,M,4279399292,3/29/2016,Digital_Marketing - SEO,Sales_Marketing,Junior Associate,12,2026-07-05 19:43:49.381694,LCK_20260705_194349_XAJI0Y
E01286,Heather,Williams,hunter35@example.net,12/16/1989,F,6076674207,1/9/2015,Server Admin - Windows,IT_Operations,HR,8,2026-07-05 19:43:49.381694,LCK_20260705_194349_XAJI0Y
E01287,Juan,Johnson,donaldsontony@example.org,12/4/1988,M,5162725638,10/7/2022,Accounting - SAP_FICO,Finance_Accounting,Senior Associate,10,2026-07-05 19:43:49.381694,LCK_20260705_194349_XAJI0Y
E01288,Cameron,Sullivan,nathanramirez@example.org,4/27/1991,M,5134011158,12/11/2022,Compliance - GAAP,Finance_Accounting,Associate,11,2026-07-05 19:43:49.381694,LCK_20260705_194349_XAJI0Y
E01289,Frank,Black,davisrachel@example.com,3/9/1968,M,5510129996,10/17/2017,Programming - Python,Software_Development,HR,8,2026-07-05 19:43:49.381694,LCK_20260705_194349_XAJI0Y
E01290,Valerie,Warren,michaelcarter@example.net,11/9/1971,F,7280632671,1/3/2010,Requirement_Gathering,Product_Management,Manager,7,2026-07-05 19:43:49.381694,LCK_20260705_194349_XAJI0Y
E01291,Michelle,Wagner,leonardlaura@example.net,4/28/1974,M,9929208749,11/12/2022,Tools - Selenium,Quality_Assurance,Senior Associate,10,2026-07-05 19:43:49.381694,LCK_20260705_194349_XAJI0Y
E01292,Rhonda,Mendoza,joshuaweaver@example.org,6/20/1972,M,9300291862,4/8/2019,Network Management,IT_Operations,Tech Lead,9,2026-07-05 19:43:49.381694,LCK_20260705_194349_XAJI0Y
E01293,Danielle,Castro,markboyd@example.org,6/27/1971,F,613203247,3/11/2024,HRIS_Systems,Human_Resources,Tech Lead,9,2026-07-05 19:43:49.381694,LCK_20260705_194349_XAJI0Y
E01294,Cody,Sutton,halltyler@example.org,6/29/1977,M,344252313,9/4/2014,Recruitment - Interviewing,Human_Resources,HR,8,2026-07-05 19:43:49.381694,LCK_20260705_194349_XAJI0Y
E01295,Cody,Adams,george84@example.net,12/16/1987,M,8558441279,3/9/2024,Compliance - ISO27001,Cybersecurity,Associate,11,2026-07-05 19:43:49.381694,LCK_20260705_194349_XAJI0Y
E01296,Carlos,Thomas,melissa77@example.net,12/25/1974,M,6281230454,5/29/2018,Network Management,IT_Operations,Associate,11,2026-07-05 19:43:49.381694,LCK_20260705_194349_XAJI0Y
E01297,Jill,Nichols,stephenhogan@example.net,6/22/1971,F,1797032734,11/15/2012,Version Control - Git,Software_Development,Senior Associate,10,2026-07-05 19:43:49.381694,LCK_20260705_194349_XAJI0Y
E01298,Cody,Fisher,christina16@example.net,10/23/1995,M,4886998417,2/9/2010,Testing - Manual,Quality_Assurance,Associate,11,2026-07-05 19:43:49.381694,LCK_20260705_194349_XAJI0Y
E01299,Melissa,Davis,ujohnson@example.org,4/17/1960,F,9960475215,2/26/2022,Network Management,IT_Operations,Associate,11,2026-07-05 19:43:49.381694,LCK_20260705_194349_XAJI0Y
E01300,Kristen,Pratt,sschmitt@example.com,7/22/1991,F,3708193180,8/22/2017,Tools - JIRA,Quality_Assurance,Senior Associate,10,2026-07-05 19:43:49.381694,LCK_20260705_194349_XAJI0Y
E01301,Kenneth,Martin,hurstkelly@example.net,3/11/1979,M,7055413090,12/27/2016,Compliance - ISO27001,Cybersecurity,HR,8,2026-07-05 19:43:49.381694,LCK_20260705_194349_XAJI0Y
E01302,Casey,Smith,ftyler@example.org,5/3/1997,M,8025662733,1/9/2015,Compliance - ISO27001,Cybersecurity,Junior Associate,12,2026-07-05 19:43:49.381694,LCK_20260705_194349_XAJI0Y
E01303,Nathan,Jones,brianmartinez@example.com,4/10/1974,M,608288389,6/24/2019,Security - Application,Cybersecurity,HR,8,2026-07-05 19:43:49.381694,LCK_20260705_194349_XAJI0Y
E01304,Jason,Joseph,rjohnson@example.org,5/27/1969,M,181300299,11/4/2024,Customer_Service - Voice,Customer_Support,Manager,7,2026-07-05 19:43:49.381694,LCK_20260705_194349_XAJI0Y
E01305,Diane,Flores,dvasquez@example.net,3/7/1982,F,5791211240,4/10/2013,Employee_Engagement,Human_Resources,Manager,7,2026-07-05 19:43:49.381694,LCK_20260705_194349_XAJI0Y
E01306,Seth,Solomon,floydpatricia@example.com,2/24/1991,M,2804134833,9/25/2019,Tools - Selenium,Quality_Assurance,Tech Lead,9,2026-07-05 19:43:49.381694,LCK_20260705_194349_XAJI0Y
E01307,Matthew,Chapman,rsmith@example.com,12/19/1972,M,7079676014,6/9/2012,Programming - Java,Software_Development,Tech Lead,9,2026-07-05 19:43:49.381694,LCK_20260705_194349_XAJI0Y
E01308,Michael,Armstrong,alyssa70@example.org,12/19/1962,M,1054362796,2/10/2019,Product_Roadmapping,Product_Management,Manager,7,2026-07-05 19:43:49.381694,LCK_20260705_194349_XAJI0Y
E01309,Tracy,Dixon,alvaradodenise@example.com,8/16/1983,M,3554292660,1/30/2013,Risk_Management,Cybersecurity,Junior Associate,12,2026-07-05 19:43:49.381694,LCK_20260705_194349_XAJI0Y
E01310,Dale,Rose,gcox@example.net,5/13/1990,M,3333434175,6/9/2018,Ticketing_Systems,Customer_Support,Tech Lead,9,2026-07-05 19:43:49.381694,LCK_20260705_194349_XAJI0Y
E01311,Carolyn,Sheppard,valerieduran@example.org,4/29/1964,F,1772141521,9/9/2022,Escalation_Management,Customer_Support,Junior Associate,12,2026-07-05 19:43:49.381694,LCK_20260705_194349_XAJI0Y
E01312,Tom,Smith,karenavery@example.com,10/2/1961,M,8316626860,7/18/2021,Programming - Java,Software_Development,Senior Associate,10,2026-07-05 19:43:49.381694,LCK_20260705_194349_XAJI0Y
E01313,Victoria,Gilbert,lmelendez@example.com,4/4/1986,F,3720887706,8/14/2013,HRIS_Systems,Human_Resources,Junior Associate,12,2026-07-05 19:43:49.381694,LCK_20260705_194349_XAJI0Y
E01314,Sara,Anderson,jennifer16@example.net,10/11/1980,M,3893733657,12/8/2020,Escalation_Management,Customer_Support,Tech Lead,9,2026-07-05 19:43:49.381694,LCK_20260705_194349_XAJI0Y
E01315,Ryan,Sandoval,michaelbrooks@example.com,12/21/1996,M,3359777786,1/25/2020,Ticketing_Systems,Customer_Support,Associate,11,2026-07-05 19:43:49.381694,LCK_20260705_194349_XAJI0Y
E01316,Roberta,Wilson,alexanderclark@example.com,2/16/1964,M,2756369620,10/17/2012,Escalation_Management,Customer_Support,HR,8,2026-07-05 19:43:49.381694,LCK_20260705_194349_XAJI0Y
E01317,Rebekah,Sheppard,kaitlyn85@example.org,3/5/1970,F,1370535789,12/27/2016,Data_Engineering - SQL,Data_Analytics,Junior Associate,12,2026-07-05 19:43:49.381694,LCK_20260705_194349_XAJI0Y
E01318,Tyrone,Zavala,craig20@example.net,7/23/1988,M,7949355150,8/8/2013,Programming - JavaScript,Software_Development,HR,8,2026-07-05 19:43:49.381694,LCK_20260705_194349_XAJI0Y
E01319,Christian,Potter,claytonjavier@example.com,2/18/1993,M,5429259621,10/10/2020,Customer_Service - Voice,Customer_Support,Manager,7,2026-07-05 19:43:49.381694,LCK_20260705_194349_XAJI0Y
E01320,Matthew,Smith,phillipschristopher@example.org,1/17/1974,M,7491348083,10/12/2018,Security - Network,Cybersecurity,Junior Associate,12,2026-07-05 19:43:49.381694,LCK_20260705_194349_XAJI0Y
E01321,Joshua,Miller,blake53@example.com,2/14/1973,M,7474246947,9/7/2015,Programming - JavaScript,Software_Development,Tech Lead,9,2026-07-05 19:43:49.381694,LCK_20260705_194349_XAJI0Y
E01322,Erica,Morris,robertwilliams@example.net,3/23/1968,M,8265053169,3/22/2021,Accounting - SAP_FICO,Finance_Accounting,Associate,11,2026-07-05 19:43:49.381694,LCK_20260705_194349_XAJI0Y
E01323,Dalton,Sanchez,rdorsey@example.com,4/22/1960,M,7830282662,6/30/2018,Security - Application,Cybersecurity,Manager,7,2026-07-05 19:43:49.381694,LCK_20260705_194349_XAJI0Y
E01324,Timothy,Hayes,nmccormick@example.org,5/14/1984,M,8555983913,2/12/2022,Penetration_Testing,Cybersecurity,HR,8,2026-07-05 19:43:49.381694,LCK_20260705_194349_XAJI0Y
E01325,Evan,Welch,tylerjames@example.com,12/5/1978,M,1865873154,1/30/2024,Customer_Service - Email,Customer_Support,Associate,11,2026-07-05 19:43:49.381694,LCK_20260705_194349_XAJI0Y
E01326,James,Rodriguez,anastokes@example.org,8/29/1976,M,4910458998,8/18/2019,Digital_Marketing - SEM,Sales_Marketing,Manager,7,2026-07-05 19:43:49.381694,LCK_20260705_194349_XAJI0Y
E01327,Michael,Byrd,grahamamber@example.org,12/24/1991,M,3266833745,10/16/2015,Bug_Tracking,Quality_Assurance,HR,8,2026-07-05 19:43:49.381694,LCK_20260705_194349_XAJI0Y
E01328,Kevin,Hall,christopherwilkinson@example.com,1/4/1990,M,6333581291,3/20/2015,Risk_Management,Cybersecurity,Junior Associate,12,2026-07-05 19:43:49.381694,LCK_20260705_194349_XAJI0Y
E01329,Ryan,Cannon,milleranne@example.org,4/23/1992,M,689746742,11/14/2021,Programming - Python,Software_Development,Manager,7,2026-07-05 19:43:49.381694,LCK_20260705_194349_XAJI0Y
E01330,Linda,Scott,seangibbs@example.com,1/10/1992,F,215692204,7/26/2014,Financial_Reporting,Finance_Accounting,Junior Associate,12,2026-07-05 19:43:49.381694,LCK_20260705_194349_XAJI0Y
E01331,Michele,Anderson,lcardenas@example.net,3/13/1995,M,7048354766,7/10/2013,Testing - Automation,Quality_Assurance,HR,8,2026-07-05 19:43:49.381694,LCK_20260705_194349_XAJI0Y
E01332,Kaitlin,Jones,mariasteele@example.net,9/26/1991,F,108136975,11/6/2020,Competitive_Analysis,Product_Management,Manager,7,2026-07-05 19:43:49.381694,LCK_20260705_194349_XAJI0Y
E01333,Sarah,Pierce,terryangela@example.net,4/24/1965,F,886009078,2/8/2011,Security - Application,Cybersecurity,Junior Associate,12,2026-07-05 19:43:49.381694,LCK_20260705_194349_XAJI0Y
E01334,Daniel,White,morenojose@example.org,3/10/1962,M,9572029098,12/20/2021,Visualization - Power_BI,Data_Analytics,Senior Associate,10,2026-07-05 19:43:49.381694,LCK_20260705_194349_XAJI0Y
E01335,Brian,Nguyen,epeterson@example.com,11/6/1983,M,5624492948,8/4/2013,Compliance - ISO27001,Cybersecurity,Associate,11,2026-07-05 19:43:49.381694,LCK_20260705_194349_XAJI0Y
E01336,Elizabeth,Hicks,ryan68@example.org,7/26/1989,F,8694986124,11/21/2011,CRM - Salesforce,Sales_Marketing,HR,8,2026-07-05 19:43:49.381694,LCK_20260705_194349_XAJI0Y
E01337,Amanda,Jones,perezdana@example.com,1/25/1994,M,5023171382,5/6/2022,Cloud Platform - AWS,IT_Operations,Senior Associate,10,2026-07-05 19:43:49.381694,LCK_20260705_194349_XAJI0Y
E01338,Alicia,Valdez,brownmatthew@example.com,10/7/1998,F,7401452588,7/31/2019,Cloud Platform - AWS,IT_Operations,Manager,7,2026-07-05 19:43:49.381694,LCK_20260705_194349_XAJI0Y
E01339,Karina,Lane,iescobar@example.net,8/19/1964,F,451342047,11/3/2022,Data_Analysis - R,Data_Analytics,Junior Associate,12,2026-07-05 19:43:49.381694,LCK_20260705_194349_XAJI0Y
E01340,Sandra,Maldonado,jasonpatel@example.net,11/24/1983,F,3245742297,8/21/2021,Product_Roadmapping,Product_Management,Junior Associate,12,2026-07-05 19:43:49.381694,LCK_20260705_194349_XAJI0Y
E01341,Daniel,Jones,thompsonjeffery@example.com,8/10/1964,M,7193019050,11/6/2024,Agile - Scrum,Product_Management,Manager,7,2026-07-05 19:43:49.381694,LCK_20260705_194349_XAJI0Y
E01342,Tyler,Walker,jenniferjensen@example.net,3/14/1975,M,4013889954,3/21/2019,Digital_Marketing - SEO,Sales_Marketing,HR,8,2026-07-05 19:43:49.381694,LCK_20260705_194349_XAJI0Y
E01343,Richard,Daniels,wattsrobert@example.org,3/6/1967,M,7674671940,12/12/2013,Competitive_Analysis,Product_Management,Tech Lead,9,2026-07-05 19:43:49.381694,LCK_20260705_194349_XAJI0Y
E01344,Sarah,Lawson,olloyd@example.org,1/25/1999,M,4063617207,9/20/2010,Programming - Python,Software_Development,Senior Associate,10,2026-07-05 19:43:49.381694,LCK_20260705_194349_XAJI0Y
E01345,Lauren,Rodriguez,lucashall@example.com,4/25/1995,M,6635149739,2/26/2016,Data_Analysis - Python,Data_Analytics,Tech Lead,9,2026-07-05 19:43:49.381694,LCK_20260705_194349_XAJI0Y
E01346,Melissa,Lewis,johnsonbrittany@example.org,6/22/1993,F,3571324317,10/17/2020,Ticketing_Systems,Customer_Support,Associate,11,2026-07-05 19:43:49.381694,LCK_20260705_194349_XAJI0Y
E01347,Shelby,Howell,stephaniejones@example.com,12/25/1990,M,5892553342,7/21/2010,Cloud Platform - Azure,IT_Operations,Senior Associate,10,2026-07-05 19:43:49.381694,LCK_20260705_194349_XAJI0Y
E01348,Austin,Webb,robersoncourtney@example.org,11/23/1964,M,8270951186,7/2/2022,Accounting - Tally,Finance_Accounting,Tech Lead,9,2026-07-05 19:43:49.381694,LCK_20260705_194349_XAJI0Y
E01349,Larry,Randall,fosterkiara@example.net,11/9/1995,M,4300252603,1/12/2024,Competitive_Analysis,Product_Management,HR,8,2026-07-05 19:43:49.381694,LCK_20260705_194349_XAJI0Y
E01350,Ashley,Farrell,joseph27@example.com,11/12/1970,F,2973121276,3/14/2018,Penetration_Testing,Cybersecurity,Associate,11,2026-07-05 19:43:49.381694,LCK_20260705_194349_XAJI0Y
E01351,David,Chavez,mwatson@example.com,4/18/1990,M,8630687173,11/11/2011,Digital_Marketing - SEM,Sales_Marketing,Junior Associate,12,2026-07-05 19:43:49.381694,LCK_20260705_194349_XAJI0Y
E01352,Maria,Shaw,taylor95@example.org,3/4/1966,F,1281775246,6/8/2016,Agile - Scrum,Product_Management,HR,8,2026-07-05 19:43:49.381694,LCK_20260705_194349_XAJI0Y
E01353,Richard,English,clarkmelissa@example.net,5/2/1973,M,8178081372,6/7/2021,Ticketing_Systems,Customer_Support,HR,8,2026-07-05 19:43:49.381694,LCK_20260705_194349_XAJI0Y
E01354,Tiffany,Young,garciasarah@example.net,11/15/1960,F,9118701365,5/1/2023,Digital_Marketing - SEM,Sales_Marketing,Tech Lead,9,2026-07-05 19:43:49.381694,LCK_20260705_194349_XAJI0Y
E01355,Michelle,Smith,tyler44@example.net,5/26/1999,F,2295491856,11/14/2013,Employee_Engagement,Human_Resources,Associate,11,2026-07-05 19:43:49.381694,LCK_20260705_194349_XAJI0Y
E01356,Matthew,Johnson,qcollier@example.net,4/7/1993,M,5353910254,10/4/2019,Accounting - Tally,Finance_Accounting,Junior Associate,12,2026-07-05 19:43:49.381694,LCK_20260705_194349_XAJI0Y
E01357,Ricky,Turner,lmorrison@example.org,3/17/1972,M,4047022733,7/2/2016,Budgeting_Forecasting,Finance_Accounting,Associate,11,2026-07-05 19:43:49.381694,LCK_20260705_194349_XAJI0Y
E01358,Lisa,Taylor,jacob40@example.com,7/1/1967,M,3449249187,9/16/2024,Customer_Service - Voice,Customer_Support,Tech Lead,9,2026-07-05 19:43:49.381694,LCK_20260705_194349_XAJI0Y
E01359,Mark,Ali,cainmark@example.net,1/2/1988,M,2562438088,2/23/2018,Requirement_Gathering,Product_Management,Manager,7,2026-07-05 19:43:49.381694,LCK_20260705_194349_XAJI0Y
E01360,Gregory,Alexander,mitchellshannon@example.com,2/1/1965,M,1678185594,3/12/2024,Compliance - GAAP,Finance_Accounting,Senior Associate,10,2026-07-05 19:43:49.381694,LCK_20260705_194349_XAJI0Y
E01361,Linda,Oliver,owilliams@example.net,9/3/1993,F,5706474848,9/30/2011,Ticketing_Systems,Customer_Support,Manager,7,2026-07-05 19:43:49.381694,LCK_20260705_194349_XAJI0Y
E01362,Jessica,Drake,davisbrian@example.net,7/26/1963,F,7595950837,3/29/2010,Escalation_Management,Customer_Support,Manager,7,2026-07-05 19:43:49.381694,LCK_20260705_194349_XAJI0Y
E01363,Mark,Henderson,christophercollier@example.org,6/6/1983,M,3143503531,4/26/2025,Digital_Marketing - SEM,Sales_Marketing,Associate,11,2026-07-05 19:43:49.381694,LCK_20260705_194349_XAJI0Y
E01364,Jill,Barrera,fosterkendra@example.net,8/28/1995,F,8623986978,12/19/2012,HRIS_Systems,Human_Resources,Junior Associate,12,2026-07-05 19:43:49.381694,LCK_20260705_194349_XAJI0Y
E01365,Jason,Thornton,ivang@example.org,6/2/1966,M,4289006145,4/17/2024,Competitive_Analysis,Product_Management,Tech Lead,9,2026-07-05 19:43:49.381694,LCK_20260705_194349_XAJI0Y
E01366,Eric,Gonzalez,wmann@example.com,9/11/1982,M,3516146686,7/21/2017,Product_Roadmapping,Product_Management,HR,8,2026-07-05 19:43:49.381694,LCK_20260705_194349_XAJI0Y
E01367,Michelle,Buck,lutzrichard@example.net,5/16/1995,F,3771199977,5/28/2011,Budgeting_Forecasting,Finance_Accounting,Associate,11,2026-07-05 19:43:49.381694,LCK_20260705_194349_XAJI0Y
E01368,Kimberly,Burns,leekimberly@example.org,12/26/1965,F,7826221828,6/7/2019,Security - Network,Cybersecurity,Tech Lead,9,2026-07-05 19:43:49.381694,LCK_20260705_194349_XAJI0Y
E01369,Michael,Williams,kayla71@example.net,12/18/1992,M,2264203241,12/28/2021,Digital_Marketing - SEM,Sales_Marketing,Tech Lead,9,2026-07-05 19:43:49.381694,LCK_20260705_194349_XAJI0Y
E01370,Amanda,Harrington,tracymiller@example.com,3/29/1982,F,7834842111,3/10/2016,Testing - Manual,Quality_Assurance,Manager,7,2026-07-05 19:43:49.381694,LCK_20260705_194349_XAJI0Y
E01371,Jacob,Arnold,brendasaunders@example.org,3/22/1998,M,8994689832,10/5/2013,Penetration_Testing,Cybersecurity,Associate,11,2026-07-05 19:43:49.381694,LCK_20260705_194349_XAJI0Y
E01372,Suzanne,Briggs,wilsonlorraine@example.com,3/17/1977,M,5519857354,7/1/2024,Digital_Marketing - SEO,Sales_Marketing,Manager,7,2026-07-05 19:43:49.381694,LCK_20260705_194349_XAJI0Y
E01373,William,Rose,fred68@example.org,6/30/1971,M,2845698099,3/10/2014,Agile - Scrum,Product_Management,Associate,11,2026-07-05 19:43:49.381694,LCK_20260705_194349_XAJI0Y
E01374,Kelsey,Jensen,eddie49@example.org,7/29/1972,F,8379506759,6/10/2020,Software Architecture,Software_Development,Junior Associate,12,2026-07-05 19:43:49.381694,LCK_20260705_194349_XAJI0Y
E01375,Christopher,Mcintosh,micheleshah@example.com,6/27/1964,M,8626465436,9/21/2014,Digital_Marketing - SEM,Sales_Marketing,Junior Associate,12,2026-07-05 19:43:49.381694,LCK_20260705_194349_XAJI0Y
E01376,Krista,Ellison,joshuabates@example.org,9/18/1989,M,1942042889,8/24/2010,HRIS_Systems,Human_Resources,Tech Lead,9,2026-07-05 19:43:49.381694,LCK_20260705_194349_XAJI0Y
E01377,Cynthia,Young,joyceroberta@example.net,7/23/1975,M,6268707653,2/9/2025,Security - Network,Cybersecurity,HR,8,2026-07-05 19:43:49.381694,LCK_20260705_194349_XAJI0Y
E01378,Gregory,Martin,alvarezkelsey@example.org,4/17/1975,M,8306631391,12/30/2018,Agile - Scrum,Product_Management,Manager,7,2026-07-05 19:43:49.381694,LCK_20260705_194349_XAJI0Y
E01379,Timothy,Campbell,qknight@example.com,6/12/1997,M,3693730306,1/19/2023,Technical_Product_Knowledge,Sales_Marketing,Manager,7,2026-07-05 19:43:49.381694,LCK_20260705_194349_XAJI0Y
E01380,Amy,Stanley,diazdaniel@example.com,5/29/1973,F,5407470803,3/9/2021,CRM - Salesforce,Sales_Marketing,Senior Associate,10,2026-07-05 19:43:49.381694,LCK_20260705_194349_XAJI0Y
E01381,Steven,Mcdowell,patricia96@example.net,11/7/1971,M,684821016,7/5/2012,Recruitment - Interviewing,Human_Resources,Tech Lead,9,2026-07-05 19:43:49.381694,LCK_20260705_194349_XAJI0Y
E01382,Rachel,Jimenez,robert94@example.org,12/9/1987,F,1749154357,9/3/2019,Budgeting_Forecasting,Finance_Accounting,Senior Associate,10,2026-07-05 19:43:49.381694,LCK_20260705_194349_XAJI0Y
E01383,Andrew,Stone,morrowjennifer@example.net,2/13/1990,M,671790661,9/11/2012,Recruitment - Interviewing,Human_Resources,Tech Lead,9,2026-07-05 19:43:49.381694,LCK_20260705_194349_XAJI0Y
E01384,Natasha,Hill,dereksoto@example.com,5/16/1987,M,4415017783,10/13/2014,Data_Analysis - R,Data_Analytics,Junior Associate,12,2026-07-05 19:43:49.381694,LCK_20260705_194349_XAJI0Y
E01385,Vincent,Dennis,johnneal@example.org,11/11/1964,M,7288543544,3/1/2021,Digital_Marketing - SEM,Sales_Marketing,Tech Lead,9,2026-07-05 19:43:49.381694,LCK_20260705_194349_XAJI0Y
E01386,Angela,Martin,joshuataylor@example.net,1/13/1960,F,9101112087,7/6/2019,Network Management,IT_Operations,Junior Associate,12,2026-07-05 19:43:49.381694,LCK_20260705_194349_XAJI0Y
E01387,Tammy,Owens,wpatel@example.com,1/1/1997,F,7786562239,11/28/2017,Agile - Scrum,Product_Management,Junior Associate,12,2026-07-05 19:43:49.381694,LCK_20260705_194349_XAJI0Y
E01388,Ronald,Whitney,gabriel47@example.com,11/4/1989,M,2768025333,9/18/2016,Accounting - SAP_FICO,Finance_Accounting,Junior Associate,12,2026-07-05 19:43:49.381694,LCK_20260705_194349_XAJI0Y
E01389,Madison,Nelson,vangscott@example.com,7/4/1988,F,8993240080,3/25/2019,Data_Analysis - Python,Data_Analytics,Tech Lead,9,2026-07-05 19:43:49.381694,LCK_20260705_194349_XAJI0Y
E01390,Eduardo,Ward,edwardsnicole@example.org,8/20/1998,M,3951548150,8/25/2014,Compliance - GAAP,Finance_Accounting,Junior Associate,12,2026-07-05 19:43:49.381694,LCK_20260705_194349_XAJI0Y
E01391,Mark,Roberson,josephrobinson@example.org,5/6/1982,M,9494450853,7/8/2016,Budgeting_Forecasting,Finance_Accounting,Associate,11,2026-07-05 19:43:49.381694,LCK_20260705_194349_XAJI0Y
E01392,James,Allen,petersonwendy@example.org,2/7/1975,M,5901360446,8/11/2024,Competitive_Analysis,Product_Management,HR,8,2026-07-05 19:43:49.381694,LCK_20260705_194349_XAJI0Y
E01393,Courtney,Stanley,wendy86@example.net,2/25/1998,M,2882174725,3/18/2016,Bug_Tracking,Quality_Assurance,Associate,11,2026-07-05 19:43:49.381694,LCK_20260705_194349_XAJI0Y
E01394,Brandon,Richardson,browndavid@example.com,12/4/1975,M,6728313316,12/8/2019,Server Admin - Windows,IT_Operations,Senior Associate,10,2026-07-05 19:43:49.381694,LCK_20260705_194349_XAJI0Y
E01395,Sarah,Brown,payneelizabeth@example.com,8/17/1999,M,4691274756,12/18/2016,Recruitment - Interviewing,Human_Resources,Associate,11,2026-07-05 19:43:49.381694,LCK_20260705_194349_XAJI0Y
E01396,Thomas,Robinson,xburns@example.org,12/21/1995,M,9141920484,5/26/2022,Programming - Java,Software_Development,Tech Lead,9,2026-07-05 19:43:49.381694,LCK_20260705_194349_XAJI0Y
E01397,Charles,Campbell,amandalong@example.net,12/26/1999,M,2196974791,10/25/2023,Compliance - GAAP,Finance_Accounting,Tech Lead,9,2026-07-05 19:43:49.381694,LCK_20260705_194349_XAJI0Y
E01398,Christina,Beard,nphillips@example.org,12/25/1964,M,3931253683,4/17/2019,Risk_Management,Cybersecurity,Junior Associate,12,2026-07-05 19:43:49.381694,LCK_20260705_194349_XAJI0Y
E01399,Ricky,Griffin,nicole68@example.org,12/27/1964,M,6740153076,10/14/2021,Data_Engineering - SQL,Data_Analytics,Senior Associate,10,2026-07-05 19:43:49.381694,LCK_20260705_194349_XAJI0Y
E01400,Mark,York,brett60@example.com,2/28/1993,M,721159673,11/23/2011,Tools - JIRA,Quality_Assurance,Manager,7,2026-07-05 19:43:49.381694,LCK_20260705_194349_XAJI0Y
E01401,Jeanette,Pope,georgethompson@example.net,8/21/1973,F,7810736961,12/20/2016,Security - Application,Cybersecurity,Associate,11,2026-07-05 19:43:49.381694,LCK_20260705_194349_XAJI0Y
E01402,Sara,Lewis,felicia61@example.net,8/21/1985,M,3642181122,5/11/2023,Digital_Marketing - SEO,Sales_Marketing,Manager,7,2026-07-05 19:43:49.381694,LCK_20260705_194349_XAJI0Y
E01403,Thomas,Rogers,johneaton@example.org,7/29/1985,M,427817419,4/6/2022,Cloud Platform - Azure,IT_Operations,Junior Associate,12,2026-07-05 19:43:49.381694,LCK_20260705_194349_XAJI0Y
E01404,Victoria,Allen,phillipsrichard@example.net,7/18/1983,F,9882783325,8/25/2010,Data_Analysis - Python,Data_Analytics,Associate,11,2026-07-05 19:43:49.381694,LCK_20260705_194349_XAJI0Y
E01405,Lori,Oconnor,samuel41@example.org,6/29/1992,F,4934611231,4/8/2024,Bug_Tracking,Quality_Assurance,Associate,11,2026-07-05 19:43:49.381694,LCK_20260705_194349_XAJI0Y
E01406,Mario,Jordan,jennifer87@example.net,3/16/1977,M,8234902220,11/11/2015,Campaign_Management,Sales_Marketing,HR,8,2026-07-05 19:43:49.381694,LCK_20260705_194349_XAJI0Y
E01407,Christian,Mckee,madison66@example.net,9/16/1980,M,7548295676,8/8/2024,Cloud Platform - Azure,IT_Operations,Associate,11,2026-07-05 19:43:49.381694,LCK_20260705_194349_XAJI0Y
E01408,Greg,Garrett,eric21@example.com,4/7/1960,M,4040500628,2/16/2023,Requirement_Gathering,Product_Management,Senior Associate,10,2026-07-05 19:43:49.381694,LCK_20260705_194349_XAJI0Y
E01409,Marilyn,Andrews,ppierce@example.com,10/22/1969,M,2933012889,6/3/2011,Digital_Marketing - SEO,Sales_Marketing,Tech Lead,9,2026-07-05 19:43:49.381694,LCK_20260705_194349_XAJI0Y
E01410,Robert,Wolfe,josephmontgomery@example.com,11/9/1990,M,1936971596,8/24/2020,Data_Analysis - Python,Data_Analytics,Senior Associate,10,2026-07-05 19:43:49.381694,LCK_20260705_194349_XAJI0Y
E01411,Jaime,Martinez,gonzalezpaul@example.com,9/9/1966,F,2550152123,9/6/2023,Requirement_Gathering,Product_Management,Senior Associate,10,2026-07-05 19:43:49.381694,LCK_20260705_194349_XAJI0Y
E01412,Stephanie,Merritt,palmerkevin@example.org,2/20/1985,F,1694251581,3/18/2018,Customer_Service - Voice,Customer_Support,Tech Lead,9,2026-07-05 19:43:49.381694,LCK_20260705_194349_XAJI0Y
E01413,Mary,Gonzalez,kathryn00@example.com,4/22/1971,F,7035194108,7/18/2011,Data_Engineering - SQL,Data_Analytics,Associate,11,2026-07-05 19:43:49.381694,LCK_20260705_194349_XAJI0Y
E01414,Michael,Schwartz,katherine32@example.org,8/11/1990,M,1703732507,3/4/2017,Campaign_Management,Sales_Marketing,HR,8,2026-07-05 19:43:49.381694,LCK_20260705_194349_XAJI0Y
E01415,Jose,Garcia,dcastillo@example.org,7/3/1992,M,3842834965,10/19/2019,Testing - Manual,Quality_Assurance,HR,8,2026-07-05 19:43:49.381694,LCK_20260705_194349_XAJI0Y
E01416,Stacey,Lyons,james79@example.net,1/9/1968,F,1855374200,12/24/2016,Recruitment - Interviewing,Human_Resources,Tech Lead,9,2026-07-05 19:43:49.381694,LCK_20260705_194349_XAJI0Y
E01417,Thomas,Brooks,conradtracy@example.net,10/29/1972,M,10385896,9/24/2024,Penetration_Testing,Cybersecurity,HR,8,2026-07-05 19:43:49.381694,LCK_20260705_194349_XAJI0Y
E01418,Jacob,Jordan,fwilkins@example.net,5/4/1990,M,4601840230,11/9/2014,Testing - Manual,Quality_Assurance,Junior Associate,12,2026-07-05 19:43:49.381694,LCK_20260705_194349_XAJI0Y
E01419,Steven,Watson,twhite@example.net,8/15/1978,M,7968617151,6/19/2020,Payroll_Management,Human_Resources,Senior Associate,10,2026-07-05 19:43:49.381694,LCK_20260705_194349_XAJI0Y
E01420,Alyssa,Stone,vanessamerritt@example.com,6/20/1997,F,7880248697,4/27/2021,Customer_Service - Email,Customer_Support,Associate,11,2026-07-05 19:43:49.381694,LCK_20260705_194349_XAJI0Y
E01421,Christina,Stewart,nicolejohnson@example.com,3/25/1991,F,6585260177,7/6/2017,Accounting - Tally,Finance_Accounting,Junior Associate,12,2026-07-05 19:43:49.381694,LCK_20260705_194349_XAJI0Y
E01422,Sarah,Villa,michaelleon@example.com,7/16/1970,F,9896040071,11/21/2018,Tools - Selenium,Quality_Assurance,Senior Associate,10,2026-07-05 19:43:49.381694,LCK_20260705_194349_XAJI0Y
E01423,Bradley,Lopez,patrickdavis@example.net,3/3/1998,M,9681594638,1/7/2012,Agile - Scrum,Product_Management,Manager,7,2026-07-05 19:43:49.381694,LCK_20260705_194349_XAJI0Y
E01424,Krista,Curtis,mross@example.com,9/6/1967,F,2447576929,6/8/2018,Customer_Service - Email,Customer_Support,Associate,11,2026-07-05 19:43:49.381694,LCK_20260705_194349_XAJI0Y
E01425,Linda,Blackburn,clarkanthony@example.org,4/27/1960,F,3600261109,9/26/2015,Requirement_Gathering,Product_Management,HR,8,2026-07-05 19:43:49.381694,LCK_20260705_194349_XAJI0Y
E01426,Benjamin,Charles,rojasjohn@example.net,3/10/1974,M,1715399667,4/19/2019,Budgeting_Forecasting,Finance_Accounting,Junior Associate,12,2026-07-05 19:43:49.381694,LCK_20260705_194349_XAJI0Y
E01427,April,Kelley,erin79@example.org,7/22/1996,F,7827769808,12/3/2020,Digital_Marketing - SEM,Sales_Marketing,Tech Lead,9,2026-07-05 19:43:49.381694,LCK_20260705_194349_XAJI0Y
E01428,Michael,Hall,lisaperez@example.com,1/13/1984,M,11558810,1/26/2011,HRIS_Systems,Human_Resources,Senior Associate,10,2026-07-05 19:43:49.381694,LCK_20260705_194349_XAJI0Y
E01429,Jessica,Greer,wigginslisa@example.net,7/22/1984,F,1619229976,8/8/2015,Accounting - Tally,Finance_Accounting,Tech Lead,9,2026-07-05 19:43:49.381694,LCK_20260705_194349_XAJI0Y
E01430,Anthony,Lamb,karinawarren@example.net,8/23/1961,M,6591133978,4/13/2024,Network Management,IT_Operations,Associate,11,2026-07-05 19:43:49.381694,LCK_20260705_194349_XAJI0Y
E01431,Kirk,Lopez,kylehicks@example.net,7/18/1960,M,1916253357,1/20/2022,CRM - Zendesk,Customer_Support,Junior Associate,12,2026-07-05 19:43:49.381694,LCK_20260705_194349_XAJI0Y
E01432,John,Cooper,courtney38@example.net,6/21/1990,M,3898490549,3/2/2012,Recruitment - Sourcing,Human_Resources,Senior Associate,10,2026-07-05 19:43:49.381694,LCK_20260705_194349_XAJI0Y
E01433,Bradley,Rodriguez,hollandkenneth@example.org,7/30/1982,M,5459171727,5/2/2017,HRIS_Systems,Human_Resources,Junior Associate,12,2026-07-05 19:43:49.381694,LCK_20260705_194349_XAJI0Y
E01434,Darren,Thornton,stephanieanthony@example.net,11/22/1980,M,7349314855,1/3/2017,HRIS_Systems,Human_Resources,Associate,11,2026-07-05 19:43:49.381694,LCK_20260705_194349_XAJI0Y
E01435,Joseph,Smith,ashleyclark@example.com,8/21/1999,M,1675139158,1/31/2017,Security - Application,Cybersecurity,Manager,7,2026-07-05 19:43:49.381694,LCK_20260705_194349_XAJI0Y
E01436,William,Gomez,tammy24@example.org,11/10/1981,M,944171376,11/17/2011,Escalation_Management,Customer_Support,HR,8,2026-07-05 19:43:49.381694,LCK_20260705_194349_XAJI0Y
E01437,Christopher,Taylor,vbeltran@example.org,5/14/1990,M,2364629321,2/9/2013,Employee_Engagement,Human_Resources,Associate,11,2026-07-05 19:43:49.381694,LCK_20260705_194349_XAJI0Y
E01438,Rebecca,Bradley,joshua47@example.com,1/11/1975,F,9126952979,8/9/2013,Escalation_Management,Customer_Support,Junior Associate,12,2026-07-05 19:43:49.381694,LCK_20260705_194349_XAJI0Y
E01439,Rebecca,Riggs,jennifer46@example.net,8/21/1993,F,5532539302,1/18/2015,Testing - Manual,Quality_Assurance,Junior Associate,12,2026-07-05 19:43:49.381694,LCK_20260705_194349_XAJI0Y
E01440,Thomas,Price,xwong@example.com,4/30/1998,M,9437935558,12/22/2016,Data_Engineering - SQL,Data_Analytics,Associate,11,2026-07-05 19:43:49.381694,LCK_20260705_194349_XAJI0Y
E01441,Maria,Rodriguez,frances30@example.org,10/19/1989,F,8379343805,3/16/2011,Technical_Product_Knowledge,Sales_Marketing,Senior Associate,10,2026-07-05 19:43:49.381694,LCK_20260705_194349_XAJI0Y
E01442,Janet,Allen,munozwalter@example.net,4/7/1998,F,930219948,8/10/2015,Visualization - Tableau,Data_Analytics,Junior Associate,12,2026-07-05 19:43:49.381694,LCK_20260705_194349_XAJI0Y
E01443,David,Wilkerson,joshua37@example.org,6/19/1994,M,892239068,5/24/2018,Server Admin - Linux,IT_Operations,HR,8,2026-07-05 19:43:49.381694,LCK_20260705_194349_XAJI0Y
E01444,Laura,Silva,romerowilliam@example.net,1/6/1994,F,6002565819,4/14/2019,Budgeting_Forecasting,Finance_Accounting,Tech Lead,9,2026-07-05 19:43:49.381694,LCK_20260705_194349_XAJI0Y
E01445,Scott,Jefferson,ronaldlloyd@example.net,9/5/1961,M,871113071,10/25/2023,Programming - Python,Software_Development,Manager,7,2026-07-05 19:43:49.381694,LCK_20260705_194349_XAJI0Y
E01446,Jennifer,Peterson,lisa05@example.com,12/4/1990,M,5047159756,8/3/2020,Compliance - GAAP,Finance_Accounting,HR,8,2026-07-05 19:43:49.381694,LCK_20260705_194349_XAJI0Y
E01447,Joseph,Frank,stanleyalex@example.com,1/4/1986,M,8221054355,12/20/2010,Recruitment - Interviewing,Human_Resources,Manager,7,2026-07-05 19:43:49.381694,LCK_20260705_194349_XAJI0Y
E01448,Travis,Meza,kim23@example.net,10/30/1993,M,2336402315,1/25/2024,Software Architecture,Software_Development,HR,8,2026-07-05 19:43:49.381694,LCK_20260705_194349_XAJI0Y
E01449,Christy,Holland,leejoshua@example.org,8/13/1977,F,1775345936,1/22/2021,Digital_Marketing - SEM,Sales_Marketing,Junior Associate,12,2026-07-05 19:43:49.381694,LCK_20260705_194349_XAJI0Y
E01450,Bobby,Brown,qsmith@example.net,7/28/1982,M,188630976,10/18/2015,Recruitment - Sourcing,Human_Resources,Associate,11,2026-07-05 19:43:49.381694,LCK_20260705_194349_XAJI0Y
E01451,Sharon,Caldwell,smithjennifer@example.org,11/2/1992,F,24861029,10/24/2024,Customer_Service - Voice,Customer_Support,Tech Lead,9,2026-07-05 19:43:49.381694,LCK_20260705_194349_XAJI0Y
E01452,Gregory,Bailey,qashley@example.net,1/16/1993,M,7415959712,5/17/2016,Server Admin - Linux,IT_Operations,Junior Associate,12,2026-07-05 19:43:49.381694,LCK_20260705_194349_XAJI0Y
E01453,Melissa,Hart,tracey60@example.com,5/8/1994,M,4677718048,10/12/2010,Visualization - Tableau,Data_Analytics,Associate,11,2026-07-05 19:43:49.381694,LCK_20260705_194349_XAJI0Y
E01454,Meagan,Nguyen,ashleyjoe@example.net,3/30/1986,F,1490855177,4/8/2019,Accounting - SAP_FICO,Finance_Accounting,Tech Lead,9,2026-07-05 19:43:49.381694,LCK_20260705_194349_XAJI0Y
E01455,Michael,Donovan,alee@example.net,10/5/1996,M,7095865890,5/30/2022,Data_Analysis - R,Data_Analytics,Senior Associate,10,2026-07-05 19:43:49.381694,LCK_20260705_194349_XAJI0Y
E01456,Mark,Martin,fhouston@example.net,10/12/1993,M,8787857332,1/9/2022,Security - Application,Cybersecurity,HR,8,2026-07-05 19:43:49.381694,LCK_20260705_194349_XAJI0Y
E01457,Julia,Mcconnell,michelle14@example.org,12/30/1969,F,8474490639,4/6/2013,Compliance - ISO27001,Cybersecurity,Junior Associate,12,2026-07-05 19:43:49.381694,LCK_20260705_194349_XAJI0Y
E01458,Eric,Smith,thompsonbrian@example.org,10/17/1967,M,8253934675,2/9/2010,Version Control - Git,Software_Development,Senior Associate,10,2026-07-05 19:43:49.381694,LCK_20260705_194349_XAJI0Y
E01459,Julie,Hill,benjamin66@example.org,1/27/1996,F,9254325374,1/9/2023,Accounting - Tally,Finance_Accounting,HR,8,2026-07-05 19:43:49.381694,LCK_20260705_194349_XAJI0Y
E01460,Lindsay,Liu,daisysanford@example.net,2/18/1991,F,8542492318,6/22/2016,Campaign_Management,Sales_Marketing,Junior Associate,12,2026-07-05 19:43:49.381694,LCK_20260705_194349_XAJI0Y
E01461,Gregory,Young,caroline71@example.net,3/24/1992,M,1882236551,8/18/2024,Tools - JIRA,Quality_Assurance,Manager,7,2026-07-05 19:43:49.381694,LCK_20260705_194349_XAJI0Y
E01462,Christopher,Santana,fitzpatrickmichael@example.org,2/17/1987,M,676682111,3/6/2023,Technical_Product_Knowledge,Sales_Marketing,Associate,11,2026-07-05 19:43:49.381694,LCK_20260705_194349_XAJI0Y
E01463,Heather,Duran,qweber@example.net,12/11/1974,F,4017949077,9/13/2022,Financial_Reporting,Finance_Accounting,Junior Associate,12,2026-07-05 19:43:49.381694,LCK_20260705_194349_XAJI0Y
E01464,Yolanda,Carey,davila@example.com,6/21/1981,M,74045687,10/14/2019,Digital_Marketing - SEO,Sales_Marketing,Tech Lead,9,2026-07-05 19:43:49.381694,LCK_20260705_194349_XAJI0Y
E01465,Douglas,Vaughn,hannahprice@example.net,6/10/1986,M,8302334556,10/9/2019,Server Admin - Windows,IT_Operations,Tech Lead,9,2026-07-05 19:43:49.381694,LCK_20260705_194349_XAJI0Y
E01466,Matthew,Hart,yvonne27@example.org,1/17/1987,M,7538882494,11/7/2018,Recruitment - Sourcing,Human_Resources,HR,8,2026-07-05 19:43:49.381694,LCK_20260705_194349_XAJI0Y
E01467,Carolyn,Chase,hhodge@example.org,1/5/1976,F,7941652149,3/25/2012,Server Admin - Windows,IT_Operations,Manager,7,2026-07-05 19:43:49.381694,LCK_20260705_194349_XAJI0Y
E01468,Kelsey,Huerta,holmesdenise@example.net,8/25/1986,M,5593961693,3/24/2023,Version Control - Git,Software_Development,Manager,7,2026-07-05 19:43:49.381694,LCK_20260705_194349_XAJI0Y
E01469,Melanie,Brooks,kjones@example.com,11/12/1979,F,9102190761,7/27/2018,Employee_Engagement,Human_Resources,Manager,7,2026-07-05 19:43:49.381694,LCK_20260705_194349_XAJI0Y
E01470,Janice,Martinez,uhayes@example.net,6/1/1986,F,6245304460,8/26/2012,Visualization - Tableau,Data_Analytics,Senior Associate,10,2026-07-05 19:43:49.381694,LCK_20260705_194349_XAJI0Y
E01471,Jonathan,Black,kenneth37@example.net,2/20/1985,M,1924861907,10/19/2020,Recruitment - Interviewing,Human_Resources,Senior Associate,10,2026-07-05 19:43:49.381694,LCK_20260705_194349_XAJI0Y
E01472,Tamara,Maldonado,patrickjoseph@example.com,5/24/1989,F,9157721458,10/12/2015,Agile - Scrum,Product_Management,HR,8,2026-07-05 19:43:49.381694,LCK_20260705_194349_XAJI0Y
E01473,Jennifer,Johnson,marissabray@example.org,4/27/1962,F,8756337310,4/20/2021,Accounting - Tally,Finance_Accounting,Tech Lead,9,2026-07-05 19:43:49.381694,LCK_20260705_194349_XAJI0Y
E01474,William,Patterson,josephwilson@example.org,3/17/1997,M,3710790778,6/9/2021,HRIS_Systems,Human_Resources,Junior Associate,12,2026-07-05 19:43:49.381694,LCK_20260705_194349_XAJI0Y
E01475,Robert,Williams,lhicks@example.net,2/12/1978,M,417153311,9/3/2024,Requirement_Gathering,Product_Management,Manager,7,2026-07-05 19:43:49.381694,LCK_20260705_194349_XAJI0Y
E01476,Anna,Pratt,rlong@example.org,4/29/1982,F,8494742361,2/24/2012,HRIS_Systems,Human_Resources,Manager,7,2026-07-05 19:43:49.381694,LCK_20260705_194349_XAJI0Y
E01477,Rachel,Greer,richardlane@example.net,1/8/1971,M,8860819445,11/28/2013,HRIS_Systems,Human_Resources,Associate,11,2026-07-05 19:43:49.381694,LCK_20260705_194349_XAJI0Y
E01478,Courtney,Adams,lance82@example.org,7/21/1982,F,6765760378,11/30/2021,Agile - Scrum,Product_Management,Junior Associate,12,2026-07-05 19:43:49.381694,LCK_20260705_194349_XAJI0Y
E01479,Nancy,Sanders,christopher22@example.com,4/24/1989,F,9897701724,5/14/2013,Version Control - Git,Software_Development,Tech Lead,9,2026-07-05 19:43:49.381694,LCK_20260705_194349_XAJI0Y
E01480,Robert,Forbes,veronica87@example.org,10/21/1972,M,2172197837,12/5/2022,Testing - Automation,Quality_Assurance,Tech Lead,9,2026-07-05 19:43:49.381694,LCK_20260705_194349_XAJI0Y
E01481,Phillip,Schmidt,deleondestiny@example.org,4/5/1969,M,1488412692,1/7/2016,Bug_Tracking,Quality_Assurance,Tech Lead,9,2026-07-05 19:43:49.381694,LCK_20260705_194349_XAJI0Y
E01482,Rebecca,Hawkins,romerosarah@example.org,10/5/1993,F,9417935738,4/7/2025,CRM - Zendesk,Customer_Support,Senior Associate,10,2026-07-05 19:43:49.381694,LCK_20260705_194349_XAJI0Y
E01483,David,Mcgrath,gibsondiane@example.com,4/23/1971,M,143552125,11/6/2024,Stakeholder_Management,Product_Management,Associate,11,2026-07-05 19:43:49.381694,LCK_20260705_194349_XAJI0Y
E01484,Cynthia,Bailey,wallaceanthony@example.net,2/21/1961,F,9890908349,11/28/2019,HRIS_Systems,Human_Resources,HR,8,2026-07-05 19:43:49.381694,LCK_20260705_194349_XAJI0Y
E01485,Miranda,Kennedy,adrian14@example.org,5/14/1976,F,2121733745,4/16/2014,Recruitment - Sourcing,Human_Resources,HR,8,2026-07-05 19:43:49.381694,LCK_20260705_194349_XAJI0Y
E01486,Evelyn,Walsh,michaelholden@example.org,7/13/1978,F,8944717716,6/1/2023,Compliance - GAAP,Finance_Accounting,Senior Associate,10,2026-07-05 19:43:49.381694,LCK_20260705_194349_XAJI0Y
E01487,Amanda,Gray,wendygonzalez@example.org,8/6/1999,F,5717595617,2/5/2017,Recruitment - Interviewing,Human_Resources,Associate,11,2026-07-05 19:43:49.381694,LCK_20260705_194349_XAJI0Y
E01488,Shane,Ball,omoody@example.com,3/4/1960,M,1397955769,5/2/2020,Cloud Platform - AWS,IT_Operations,Associate,11,2026-07-05 19:43:49.381694,LCK_20260705_194349_XAJI0Y
E01489,David,Valentine,brent27@example.org,4/10/1972,M,3201608824,10/26/2011,Recruitment - Sourcing,Human_Resources,HR,8,2026-07-05 19:43:49.381694,LCK_20260705_194349_XAJI0Y
E01490,Zachary,Carr,ashley79@example.org,3/1/1989,M,3405862217,9/27/2020,Employee_Engagement,Human_Resources,HR,8,2026-07-05 19:43:49.381694,LCK_20260705_194349_XAJI0Y
E01491,Linda,Parker,sbond@example.com,6/15/1961,F,5327160407,7/1/2022,Programming - Python,Software_Development,Junior Associate,12,2026-07-05 19:43:49.381694,LCK_20260705_194349_XAJI0Y
E01492,Mary,Alexander,torresshawn@example.net,9/13/1980,F,1771982703,3/6/2022,Requirement_Gathering,Product_Management,HR,8,2026-07-05 19:43:49.381694,LCK_20260705_194349_XAJI0Y
E01493,Jennifer,Clark,mcrawford@example.net,7/21/1968,M,8687695994,1/11/2021,Visualization - Tableau,Data_Analytics,Manager,7,2026-07-05 19:43:49.381694,LCK_20260705_194349_XAJI0Y
E01494,Matthew,Hall,criddle@example.net,1/8/1962,M,1851371511,1/24/2022,Data_Engineering - SQL,Data_Analytics,Manager,7,2026-07-05 19:43:49.381694,LCK_20260705_194349_XAJI0Y
E01495,Sean,Mcdonald,casedavid@example.com,7/24/1962,M,1881133519,8/24/2011,Testing - Manual,Quality_Assurance,Senior Associate,10,2026-07-05 19:43:49.381694,LCK_20260705_194349_XAJI0Y
E01496,Kevin,Webb,murphysteven@example.com,7/8/1988,M,5006427315,9/29/2012,Testing - Manual,Quality_Assurance,Associate,11,2026-07-05 19:43:49.381694,LCK_20260705_194349_XAJI0Y
E01497,Rachel,Coleman,tinagibbs@example.net,7/2/1983,F,2899682749,7/26/2021,Security - Application,Cybersecurity,HR,8,2026-07-05 19:43:49.381694,LCK_20260705_194349_XAJI0Y
E01498,Gregory,Willis,jeanlowe@example.net,1/25/1973,M,1015966531,12/22/2024,Data_Engineering - SQL,Data_Analytics,Associate,11,2026-07-05 19:43:49.381694,LCK_20260705_194349_XAJI0Y
E01499,Tammy,Moses,rlopez@example.com,2/12/1990,M,3241437186,3/17/2012,Data_Analysis - R,Data_Analytics,Manager,7,2026-07-05 19:43:49.381694,LCK_20260705_194349_XAJI0Y
E01500,Jennifer,Becker,paynebrooke@example.com,6/14/1969,M,7432186573,4/28/2021,Security - Application,Cybersecurity,Tech Lead,9,2026-07-05 19:43:49.381694,LCK_20260705_194349_XAJI0Y
