enrollment_id,Emp_ID,course_id,enrollment_date,training_provider,course_status,ingest_timestamp,load_key
En00001,E00011,C00029,2026-03-07,T0009,Enrolled,2026-07-07 23:12:34.816646,LCK_20260707_231234_XAJI0Y
En00002,E00011,C00044,2024-11-30,T0052,Enrolled,2026-07-07 23:12:34.816646,LCK_20260707_231234_XAJI0Y
En00003,E00013,C00050,2021-08-14,T0021,Completed,2026-07-07 23:12:34.816646,LCK_20260707_231234_XAJI0Y
En00004,E00013,C00024,2022-07-23,T0153,In Progress,2026-07-07 23:12:34.816646,LCK_20260707_231234_XAJI0Y
En00005,E00013,C00045,2024-02-11,T0093,Cancelled,2026-07-07 23:12:34.816646,LCK_20260707_231234_XAJI0Y
En00006,E00016,C00027,2021-10-30,T0158,In Progress,2026-07-07 23:12:34.816646,LCK_20260707_231234_XAJI0Y
En00007,E00016,C00023,2024-03-05,T0134,Enrolled,2026-07-07 23:12:34.816646,LCK_20260707_231234_XAJI0Y
En00008,E00017,C00021,2024-03-30,T0030,In Progress,2026-07-07 23:12:34.816646,LCK_20260707_231234_XAJI0Y
En00009,E00017,C00033,2023-01-18,T0071,Completed,2026-07-07 23:12:34.816646,LCK_20260707_231234_XAJI0Y
En00010,E00018,C00029,2026-02-03,T0024,Completed,2026-07-07 23:12:34.816646,LCK_20260707_231234_XAJI0Y
En00011,E00018,C00009,2021-11-06,T0145,Completed,2026-07-07 23:12:34.816646,LCK_20260707_231234_XAJI0Y
En00012,E00019,C00038,2021-08-03,T0176,Enrolled,2026-07-07 23:12:34.816646,LCK_20260707_231234_XAJI0Y
En00013,E00019,C00025,2022-12-20,T0017,Completed,2026-07-07 23:12:34.816646,LCK_20260707_231234_XAJI0Y
En00014,E00019,C00007,2025-12-25,T0014,Cancelled,2026-07-07 23:12:34.816646,LCK_20260707_231234_XAJI0Y
En00015,E00020,C00039,2023-12-20,T0019,In Progress,2026-07-07 23:12:34.816646,LCK_20260707_231234_XAJI0Y
En00016,E00021,C00027,2024-09-06,T0088,Completed,2026-07-07 23:12:34.816646,LCK_20260707_231234_XAJI0Y
En00017,E00021,C00028,2024-09-06,T0150,In Progress,2026-07-07 23:12:34.816646,LCK_20260707_231234_XAJI0Y
En00018,E00023,C00025,2023-10-25,T0012,Completed,2026-07-07 23:12:34.816646,LCK_20260707_231234_XAJI0Y
En00019,E00023,C00031,2022-06-07,T0152,Completed,2026-07-07 23:12:34.816646,LCK_20260707_231234_XAJI0Y
En00020,E00024,C00015,2025-10-06,T0123,Enrolled,2026-07-07 23:12:34.816646,LCK_20260707_231234_XAJI0Y
En00021,E00024,C00041,2024-06-01,T0063,Completed,2026-07-07 23:12:34.816646,LCK_20260707_231234_XAJI0Y
En00022,E00025,C00047,2025-09-30,T0109,Enrolled,2026-07-07 23:12:34.816646,LCK_20260707_231234_XAJI0Y
En00023,E00025,C00033,2023-03-15,T0080,Completed,2026-07-07 23:12:34.816646,LCK_20260707_231234_XAJI0Y
En00024,E00026,C00025,2022-12-15,T0012,In Progress,2026-07-07 23:12:34.816646,LCK_20260707_231234_XAJI0Y
En00025,E00027,C00003,2024-03-01,T0083,Enrolled,2026-07-07 23:12:34.816646,LCK_20260707_231234_XAJI0Y
En00026,E00027,C00032,2021-05-21,T0108,Completed,2026-07-07 23:12:34.816646,LCK_20260707_231234_XAJI0Y
En00027,E00028,C00024,2022-07-30,T0097,Completed,2026-07-07 23:12:34.816646,LCK_20260707_231234_XAJI0Y
En00028,E00029,C00030,2023-06-04,T0135,Enrolled,2026-07-07 23:12:34.816646,LCK_20260707_231234_XAJI0Y
En00029,E00029,C00019,2025-09-14,T0065,Enrolled,2026-07-07 23:12:34.816646,LCK_20260707_231234_XAJI0Y
En00030,E00029,C00010,2026-03-18,T0000,Completed,2026-07-07 23:12:34.816646,LCK_20260707_231234_XAJI0Y
En00031,E00030,C00014,2022-05-29,T0013,Completed,2026-07-07 23:12:34.816646,LCK_20260707_231234_XAJI0Y
En00032,E00031,C00029,2025-06-01,T0009,Completed,2026-07-07 23:12:34.816646,LCK_20260707_231234_XAJI0Y
En00033,E00032,C00050,2021-04-30,T0021,In Progress,2026-07-07 23:12:34.816646,LCK_20260707_231234_XAJI0Y
En00034,E00033,C00043,2024-09-29,T0137,Enrolled,2026-07-07 23:12:34.816646,LCK_20260707_231234_XAJI0Y
En00035,E00034,C00033,2023-04-29,T0101,Cancelled,2026-07-07 23:12:34.816646,LCK_20260707_231234_XAJI0Y
En00036,E00036,C00021,2024-05-01,T0030,Enrolled,2026-07-07 23:12:34.816646,LCK_20260707_231234_XAJI0Y
En00037,E00036,C00017,2024-04-27,T0005,Cancelled,2026-07-07 23:12:34.816646,LCK_20260707_231234_XAJI0Y
En00038,E00036,C00035,2021-04-12,T0127,In Progress,2026-07-07 23:12:34.816646,LCK_20260707_231234_XAJI0Y
En00039,E00037,C00004,2026-02-05,T0151,Cancelled,2026-07-07 23:12:34.816646,LCK_20260707_231234_XAJI0Y
En00040,E00038,C00036,2024-03-24,T0155,Enrolled,2026-07-07 23:12:34.816646,LCK_20260707_231234_XAJI0Y
En00041,E00038,C00026,2024-07-01,T0118,In Progress,2026-07-07 23:12:34.816646,LCK_20260707_231234_XAJI0Y
En00042,E00039,C00022,2026-02-14,T0168,Enrolled,2026-07-07 23:12:34.816646,LCK_20260707_231234_XAJI0Y
En00043,E00039,C00045,2023-08-05,T0023,Completed,2026-07-07 23:12:34.816646,LCK_20260707_231234_XAJI0Y
En00044,E00040,C00017,2025-09-08,T0005,Enrolled,2026-07-07 23:12:34.816646,LCK_20260707_231234_XAJI0Y
En00045,E00040,C00021,2023-10-29,T0030,Enrolled,2026-07-07 23:12:34.816646,LCK_20260707_231234_XAJI0Y
En00046,E00040,C00043,2024-07-28,T0089,In Progress,2026-07-07 23:12:34.816646,LCK_20260707_231234_XAJI0Y
En00047,E00041,C00043,2025-04-11,T0089,Completed,2026-07-07 23:12:34.816646,LCK_20260707_231234_XAJI0Y
En00048,E00041,C00047,2025-07-15,T0140,Completed,2026-07-07 23:12:34.816646,LCK_20260707_231234_XAJI0Y
En00049,E00042,C00035,2021-05-22,T0035,Enrolled,2026-07-07 23:12:34.816646,LCK_20260707_231234_XAJI0Y
En00050,E00042,C00033,2023-06-20,T0073,Enrolled,2026-07-07 23:12:34.816646,LCK_20260707_231234_XAJI0Y
En00051,E00042,C00015,2025-08-12,T0053,Enrolled,2026-07-07 23:12:34.816646,LCK_20260707_231234_XAJI0Y
En00052,E00043,C00028,2025-01-20,T0040,In Progress,2026-07-07 23:12:34.816646,LCK_20260707_231234_XAJI0Y
En00053,E00045,C00039,2024-05-09,T0170,In Progress,2026-07-07 23:12:34.816646,LCK_20260707_231234_XAJI0Y
En00054,E00046,C00031,2022-01-27,T0010,Completed,2026-07-07 23:12:34.816646,LCK_20260707_231234_XAJI0Y
En00055,E00046,C00026,2024-07-01,T0081,Cancelled,2026-07-07 23:12:34.816646,LCK_20260707_231234_XAJI0Y
En00056,E00047,C00023,2024-08-25,T0132,In Progress,2026-07-07 23:12:34.816646,LCK_20260707_231234_XAJI0Y
En00057,E00047,C00025,2022-11-15,T0037,In Progress,2026-07-07 23:12:34.816646,LCK_20260707_231234_XAJI0Y
En00058,E00048,C00038,2021-04-01,T0082,Completed,2026-07-07 23:12:34.816646,LCK_20260707_231234_XAJI0Y
En00059,E00049,C00024,2022-09-30,T0097,Completed,2026-07-07 23:12:34.816646,LCK_20260707_231234_XAJI0Y
En00060,E00050,C00025,2022-08-26,T0017,Completed,2026-07-07 23:12:34.816646,LCK_20260707_231234_XAJI0Y
En00061,E00050,C00038,2022-07-19,T0176,In Progress,2026-07-07 23:12:34.816646,LCK_20260707_231234_XAJI0Y
En00062,E00052,C00034,2022-09-29,T0146,Cancelled,2026-07-07 23:12:34.816646,LCK_20260707_231234_XAJI0Y
En00063,E00052,C00039,2023-10-23,T0019,Cancelled,2026-07-07 23:12:34.816646,LCK_20260707_231234_XAJI0Y
En00064,E00053,C00045,2023-07-15,T0093,Enrolled,2026-07-07 23:12:34.816646,LCK_20260707_231234_XAJI0Y
En00065,E00053,C00010,2025-09-07,T0000,Completed,2026-07-07 23:12:34.816646,LCK_20260707_231234_XAJI0Y
En00066,E00053,C00023,2023-12-05,T0160,In Progress,2026-07-07 23:12:34.816646,LCK_20260707_231234_XAJI0Y
En00067,E00054,C00025,2024-02-24,T0037,Cancelled,2026-07-07 23:12:34.816646,LCK_20260707_231234_XAJI0Y
En00068,E00055,C00001,2024-07-22,T0036,Enrolled,2026-07-07 23:12:34.816646,LCK_20260707_231234_XAJI0Y
En00069,E00056,C00010,2025-10-11,T0000,In Progress,2026-07-07 23:12:34.816646,LCK_20260707_231234_XAJI0Y
En00070,E00057,C00017,2025-04-06,T0180,Completed,2026-07-07 23:12:34.816646,LCK_20260707_231234_XAJI0Y
En00071,E00058,C00045,2024-02-07,T0093,Enrolled,2026-07-07 23:12:34.816646,LCK_20260707_231234_XAJI0Y
En00072,E00058,C00047,2025-09-12,T0064,Completed,2026-07-07 23:12:34.816646,LCK_20260707_231234_XAJI0Y
En00073,E00058,C00017,2024-12-28,T0005,Completed,2026-07-07 23:12:34.816646,LCK_20260707_231234_XAJI0Y
En00074,E00059,C00025,2023-03-01,T0012,Completed,2026-07-07 23:12:34.816646,LCK_20260707_231234_XAJI0Y
En00075,E00059,C00027,2021-06-01,T0088,In Progress,2026-07-07 23:12:34.816646,LCK_20260707_231234_XAJI0Y
En00076,E00059,C00013,2025-12-09,T0156,Completed,2026-07-07 23:12:34.816646,LCK_20260707_231234_XAJI0Y
En00077,E00061,C00022,2026-04-01,T0168,Completed,2026-07-07 23:12:34.816646,LCK_20260707_231234_XAJI0Y
En00078,E00062,C00025,2022-07-09,T0037,Completed,2026-07-07 23:12:34.816646,LCK_20260707_231234_XAJI0Y
En00079,E00062,C00027,2021-07-21,T0088,Enrolled,2026-07-07 23:12:34.816646,LCK_20260707_231234_XAJI0Y
En00080,E00063,C00026,2024-03-11,T0087,Cancelled,2026-07-07 23:12:34.816646,LCK_20260707_231234_XAJI0Y
En00081,E00063,C00045,2024-05-13,T0023,Completed,2026-07-07 23:12:34.816646,LCK_20260707_231234_XAJI0Y
En00082,E00063,C00024,2022-06-27,T0091,Cancelled,2026-07-07 23:12:34.816646,LCK_20260707_231234_XAJI0Y
En00083,E00065,C00024,2024-05-08,T0097,Cancelled,2026-07-07 23:12:34.816646,LCK_20260707_231234_XAJI0Y
En00084,E00066,C00043,2025-06-15,T0137,Enrolled,2026-07-07 23:12:34.816646,LCK_20260707_231234_XAJI0Y
En00085,E00068,C00022,2025-10-14,T0068,Cancelled,2026-07-07 23:12:34.816646,LCK_20260707_231234_XAJI0Y
En00086,E00068,C00014,2023-11-30,T0039,Completed,2026-07-07 23:12:34.816646,LCK_20260707_231234_XAJI0Y
En00087,E00068,C00025,2023-11-30,T0142,In Progress,2026-07-07 23:12:34.816646,LCK_20260707_231234_XAJI0Y
En00088,E00070,C00050,2021-03-29,T0147,Completed,2026-07-07 23:12:34.816646,LCK_20260707_231234_XAJI0Y
En00089,E00070,C00046,2023-12-30,T0070,Enrolled,2026-07-07 23:12:34.816646,LCK_20260707_231234_XAJI0Y
En00090,E00072,C00022,2026-02-13,T0068,Completed,2026-07-07 23:12:34.816646,LCK_20260707_231234_XAJI0Y
En00091,E00073,C00008,2024-10-23,T0066,In Progress,2026-07-07 23:12:34.816646,LCK_20260707_231234_XAJI0Y
En00092,E00073,C00007,2025-09-09,T0102,Completed,2026-07-07 23:12:34.816646,LCK_20260707_231234_XAJI0Y
En00093,E00073,C00006,2022-04-05,T0184,Completed,2026-07-07 23:12:34.816646,LCK_20260707_231234_XAJI0Y
En00094,E00074,C00041,2024-04-12,T0173,Completed,2026-07-07 23:12:34.816646,LCK_20260707_231234_XAJI0Y
En00095,E00075,C00029,2025-05-26,T0099,Enrolled,2026-07-07 23:12:34.816646,LCK_20260707_231234_XAJI0Y
En00096,E00075,C00022,2025-05-27,T0068,In Progress,2026-07-07 23:12:34.816646,LCK_20260707_231234_XAJI0Y
En00097,E00076,C00021,2024-07-24,T0030,Completed,2026-07-07 23:12:34.816646,LCK_20260707_231234_XAJI0Y
En00098,E00076,C00004,2025-10-09,T0151,Cancelled,2026-07-07 23:12:34.816646,LCK_20260707_231234_XAJI0Y
En00099,E00077,C00025,2022-11-29,T0012,Completed,2026-07-07 23:12:34.816646,LCK_20260707_231234_XAJI0Y
En00100,E00078,C00031,2021-07-19,T0084,Enrolled,2026-07-07 23:12:34.816646,LCK_20260707_231234_XAJI0Y
En00101,E00078,C00043,2024-08-21,T0089,Completed,2026-07-07 23:12:34.816646,LCK_20260707_231234_XAJI0Y
En00102,E00078,C00010,2026-04-23,T0000,Cancelled,2026-07-07 23:12:34.816646,LCK_20260707_231234_XAJI0Y
En00103,E00079,C00027,2021-05-22,T0058,Cancelled,2026-07-07 23:12:34.816646,LCK_20260707_231234_XAJI0Y
En00104,E00080,C00025,2023-05-03,T0142,Cancelled,2026-07-07 23:12:34.816646,LCK_20260707_231234_XAJI0Y
En00105,E00080,C00027,2021-07-07,T0058,Completed,2026-07-07 23:12:34.816646,LCK_20260707_231234_XAJI0Y
En00106,E00081,C00027,2022-01-11,T0058,In Progress,2026-07-07 23:12:34.816646,LCK_20260707_231234_XAJI0Y
En00107,E00081,C00038,2021-04-15,T0082,Enrolled,2026-07-07 23:12:34.816646,LCK_20260707_231234_XAJI0Y
En00108,E00082,C00033,2024-08-16,T0071,Cancelled,2026-07-07 23:12:34.816646,LCK_20260707_231234_XAJI0Y
En00109,E00082,C00019,2025-07-13,T0197,Cancelled,2026-07-07 23:12:34.816646,LCK_20260707_231234_XAJI0Y
En00110,E00083,C00045,2024-03-06,T0093,Completed,2026-07-07 23:12:34.816646,LCK_20260707_231234_XAJI0Y
En00111,E00083,C00013,2026-01-07,T0156,Completed,2026-07-07 23:12:34.816646,LCK_20260707_231234_XAJI0Y
En00112,E00084,C00010,2025-07-23,T0000,Completed,2026-07-07 23:12:34.816646,LCK_20260707_231234_XAJI0Y
En00113,E00084,C00040,2023-08-19,T0167,Completed,2026-07-07 23:12:34.816646,LCK_20260707_231234_XAJI0Y
En00114,E00085,C00023,2024-05-29,T0050,In Progress,2026-07-07 23:12:34.816646,LCK_20260707_231234_XAJI0Y
En00115,E00085,C00038,2024-04-11,T0116,Completed,2026-07-07 23:12:34.816646,LCK_20260707_231234_XAJI0Y
En00116,E00087,C00041,2024-02-13,T0173,Completed,2026-07-07 23:12:34.816646,LCK_20260707_231234_XAJI0Y
En00117,E00088,C00013,2025-11-25,T0156,Completed,2026-07-07 23:12:34.816646,LCK_20260707_231234_XAJI0Y
En00118,E00088,C00046,2023-08-14,T0070,In Progress,2026-07-07 23:12:34.816646,LCK_20260707_231234_XAJI0Y
En00119,E00088,C00003,2024-01-18,T0112,Completed,2026-07-07 23:12:34.816646,LCK_20260707_231234_XAJI0Y
En00120,E00089,C00005,2024-09-10,T0183,Enrolled,2026-07-07 23:12:34.816646,LCK_20260707_231234_XAJI0Y
En00121,E00089,C00025,2022-08-21,T0037,Enrolled,2026-07-07 23:12:34.816646,LCK_20260707_231234_XAJI0Y
En00122,E00089,C00031,2022-04-09,T0111,Completed,2026-07-07 23:12:34.816646,LCK_20260707_231234_XAJI0Y
En00123,E00090,C00030,2023-12-14,T0135,Enrolled,2026-07-07 23:12:34.816646,LCK_20260707_231234_XAJI0Y
En00124,E00092,C00027,2021-11-27,T0058,Cancelled,2026-07-07 23:12:34.816646,LCK_20260707_231234_XAJI0Y
En00125,E00093,C00034,2022-10-11,T0105,Enrolled,2026-07-07 23:12:34.816646,LCK_20260707_231234_XAJI0Y
En00126,E00093,C00033,2022-10-02,T0080,Enrolled,2026-07-07 23:12:34.816646,LCK_20260707_231234_XAJI0Y
En00127,E00093,C00026,2024-12-01,T0106,Enrolled,2026-07-07 23:12:34.816646,LCK_20260707_231234_XAJI0Y
En00128,E00094,C00001,2023-04-13,T0022,Completed,2026-07-07 23:12:34.816646,LCK_20260707_231234_XAJI0Y
En00129,E00094,C00019,2026-03-17,T0197,In Progress,2026-07-07 23:12:34.816646,LCK_20260707_231234_XAJI0Y
En00130,E00095,C00033,2022-10-05,T0073,Cancelled,2026-07-07 23:12:34.816646,LCK_20260707_231234_XAJI0Y
En00131,E00096,C00023,2024-10-01,T0132,In Progress,2026-07-07 23:12:34.816646,LCK_20260707_231234_XAJI0Y
En00132,E00098,C00006,2021-11-03,T0098,Completed,2026-07-07 23:12:34.816646,LCK_20260707_231234_XAJI0Y
En00133,E00100,C00039,2023-12-30,T0170,In Progress,2026-07-07 23:12:34.816646,LCK_20260707_231234_XAJI0Y
En00134,E00100,C00014,2021-04-15,T0149,In Progress,2026-07-07 23:12:34.816646,LCK_20260707_231234_XAJI0Y
En00135,E00101,C00049,2024-03-23,T0189,Completed,2026-07-07 23:12:34.816646,LCK_20260707_231234_XAJI0Y
En00136,E00101,C00016,2024-03-07,T0085,Enrolled,2026-07-07 23:12:34.816646,LCK_20260707_231234_XAJI0Y
En00137,E00102,C00026,2025-03-28,T0106,Completed,2026-07-07 23:12:34.816646,LCK_20260707_231234_XAJI0Y
En00138,E00102,C00041,2024-07-05,T0173,In Progress,2026-07-07 23:12:34.816646,LCK_20260707_231234_XAJI0Y
En00139,E00103,C00013,2026-03-31,T0075,Cancelled,2026-07-07 23:12:34.816646,LCK_20260707_231234_XAJI0Y
En00140,E00103,C00018,2022-07-03,T0190,Enrolled,2026-07-07 23:12:34.816646,LCK_20260707_231234_XAJI0Y
En00141,E00103,C00042,2022-07-12,T0011,Cancelled,2026-07-07 23:12:34.816646,LCK_20260707_231234_XAJI0Y
En00142,E00104,C00025,2023-01-14,T0012,Completed,2026-07-07 23:12:34.816646,LCK_20260707_231234_XAJI0Y
En00143,E00104,C00028,2024-06-17,T0150,Completed,2026-07-07 23:12:34.816646,LCK_20260707_231234_XAJI0Y
En00144,E00105,C00026,2024-05-09,T0106,In Progress,2026-07-07 23:12:34.816646,LCK_20260707_231234_XAJI0Y
En00145,E00105,C00023,2024-04-11,T0196,Cancelled,2026-07-07 23:12:34.816646,LCK_20260707_231234_XAJI0Y
En00146,E00106,C00008,2025-03-28,T0193,Enrolled,2026-07-07 23:12:34.816646,LCK_20260707_231234_XAJI0Y
En00147,E00107,C00027,2021-08-04,T0158,Enrolled,2026-07-07 23:12:34.816646,LCK_20260707_231234_XAJI0Y
En00148,E00108,C00040,2022-03-22,T0115,Completed,2026-07-07 23:12:34.816646,LCK_20260707_231234_XAJI0Y
En00149,E00108,C00033,2023-04-19,T0071,In Progress,2026-07-07 23:12:34.816646,LCK_20260707_231234_XAJI0Y
En00150,E00108,C00050,2021-08-16,T0094,Cancelled,2026-07-07 23:12:34.816646,LCK_20260707_231234_XAJI0Y
En00151,E00109,C00020,2024-05-04,T0113,Enrolled,2026-07-07 23:12:34.816646,LCK_20260707_231234_XAJI0Y
En00152,E00109,C00025,2023-10-31,T0017,Completed,2026-07-07 23:12:34.816646,LCK_20260707_231234_XAJI0Y
En00153,E00109,C00007,2026-04-23,T0014,Completed,2026-07-07 23:12:34.816646,LCK_20260707_231234_XAJI0Y
En00154,E00110,C00038,2021-07-13,T0116,Cancelled,2026-07-07 23:12:34.816646,LCK_20260707_231234_XAJI0Y
En00155,E00111,C00032,2021-08-18,T0079,Completed,2026-07-07 23:12:34.816646,LCK_20260707_231234_XAJI0Y
En00156,E00112,C00022,2026-03-25,T0168,In Progress,2026-07-07 23:12:34.816646,LCK_20260707_231234_XAJI0Y
En00157,E00113,C00016,2023-11-01,T0085,In Progress,2026-07-07 23:12:34.816646,LCK_20260707_231234_XAJI0Y
En00158,E00113,C00019,2026-03-16,T0197,Cancelled,2026-07-07 23:12:34.816646,LCK_20260707_231234_XAJI0Y
En00159,E00114,C00028,2024-05-20,T0150,In Progress,2026-07-07 23:12:34.816646,LCK_20260707_231234_XAJI0Y
En00160,E00115,C00014,2024-09-03,T0039,Cancelled,2026-07-07 23:12:34.816646,LCK_20260707_231234_XAJI0Y
En00161,E00116,C00025,2022-12-14,T0142,In Progress,2026-07-07 23:12:34.816646,LCK_20260707_231234_XAJI0Y
En00162,E00116,C00028,2024-03-20,T0018,In Progress,2026-07-07 23:12:34.816646,LCK_20260707_231234_XAJI0Y
En00163,E00117,C00021,2024-05-17,T0030,In Progress,2026-07-07 23:12:34.816646,LCK_20260707_231234_XAJI0Y
En00164,E00117,C00022,2026-04-04,T0068,Completed,2026-07-07 23:12:34.816646,LCK_20260707_231234_XAJI0Y
En00165,E00117,C00023,2024-01-06,T0162,Cancelled,2026-07-07 23:12:34.816646,LCK_20260707_231234_XAJI0Y
En00166,E00118,C00013,2025-06-05,T0156,Enrolled,2026-07-07 23:12:34.816646,LCK_20260707_231234_XAJI0Y
En00167,E00118,C00020,2023-11-04,T0076,Completed,2026-07-07 23:12:34.816646,LCK_20260707_231234_XAJI0Y
En00168,E00118,C00039,2024-05-04,T0139,Cancelled,2026-07-07 23:12:34.816646,LCK_20260707_231234_XAJI0Y
En00169,E00119,C00013,2026-05-31,T0126,Cancelled,2026-07-07 23:12:34.816646,LCK_20260707_231234_XAJI0Y
En00170,E00119,C00041,2023-11-10,T0063,In Progress,2026-07-07 23:12:34.816646,LCK_20260707_231234_XAJI0Y
En00171,E00120,C00024,2022-09-07,T0097,Completed,2026-07-07 23:12:34.816646,LCK_20260707_231234_XAJI0Y
En00172,E00120,C00030,2023-07-27,T0169,In Progress,2026-07-07 23:12:34.816646,LCK_20260707_231234_XAJI0Y
En00173,E00121,C00023,2023-11-30,T0050,In Progress,2026-07-07 23:12:34.816646,LCK_20260707_231234_XAJI0Y
En00174,E00122,C00023,2024-04-14,T0134,In Progress,2026-07-07 23:12:34.816646,LCK_20260707_231234_XAJI0Y
En00175,E00123,C00050,2024-07-20,T0147,In Progress,2026-07-07 23:12:34.816646,LCK_20260707_231234_XAJI0Y
En00176,E00123,C00011,2024-07-25,T0120,Enrolled,2026-07-07 23:12:34.816646,LCK_20260707_231234_XAJI0Y
En00177,E00123,C00049,2024-07-20,T0054,Completed,2026-07-07 23:12:34.816646,LCK_20260707_231234_XAJI0Y
En00178,E00124,C00017,2026-02-23,T0005,Cancelled,2026-07-07 23:12:34.816646,LCK_20260707_231234_XAJI0Y
En00179,E00124,C00016,2020-12-07,T0085,Enrolled,2026-07-07 23:12:34.816646,LCK_20260707_231234_XAJI0Y
En00180,E00125,C00027,2022-01-22,T0158,Completed,2026-07-07 23:12:34.816646,LCK_20260707_231234_XAJI0Y
En00181,E00126,C00004,2026-02-05,T0151,In Progress,2026-07-07 23:12:34.816646,LCK_20260707_231234_XAJI0Y
En00182,E00126,C00038,2021-06-18,T0117,In Progress,2026-07-07 23:12:34.816646,LCK_20260707_231234_XAJI0Y
En00183,E00126,C00048,2026-01-03,T0067,Cancelled,2026-07-07 23:12:34.816646,LCK_20260707_231234_XAJI0Y
En00184,E00127,C00018,2025-05-09,T0190,Enrolled,2026-07-07 23:12:34.816646,LCK_20260707_231234_XAJI0Y
En00185,E00127,C00020,2025-05-09,T0113,Cancelled,2026-07-07 23:12:34.816646,LCK_20260707_231234_XAJI0Y
En00186,E00127,C00015,2025-10-02,T0051,Completed,2026-07-07 23:12:34.816646,LCK_20260707_231234_XAJI0Y
En00187,E00128,C00023,2024-10-02,T0050,Cancelled,2026-07-07 23:12:34.816646,LCK_20260707_231234_XAJI0Y
En00188,E00128,C00022,2025-03-15,T0168,Completed,2026-07-07 23:12:34.816646,LCK_20260707_231234_XAJI0Y
En00189,E00128,C00038,2021-05-29,T0116,Enrolled,2026-07-07 23:12:34.816646,LCK_20260707_231234_XAJI0Y
En00190,E00130,C00030,2024-02-19,T0169,Cancelled,2026-07-07 23:12:34.816646,LCK_20260707_231234_XAJI0Y
En00191,E00130,C00024,2023-08-02,T0097,In Progress,2026-07-07 23:12:34.816646,LCK_20260707_231234_XAJI0Y
En00192,E00131,C00017,2025-08-18,T0180,Completed,2026-07-07 23:12:34.816646,LCK_20260707_231234_XAJI0Y
En00193,E00131,C00030,2023-11-22,T0169,In Progress,2026-07-07 23:12:34.816646,LCK_20260707_231234_XAJI0Y
En00194,E00131,C00042,2023-04-25,T0119,Enrolled,2026-07-07 23:12:34.816646,LCK_20260707_231234_XAJI0Y
En00195,E00132,C00039,2025-02-10,T0139,In Progress,2026-07-07 23:12:34.816646,LCK_20260707_231234_XAJI0Y
En00196,E00132,C00029,2026-03-24,T0046,Completed,2026-07-07 23:12:34.816646,LCK_20260707_231234_XAJI0Y
En00197,E00132,C00035,2025-02-10,T0035,Completed,2026-07-07 23:12:34.816646,LCK_20260707_231234_XAJI0Y
En00198,E00133,C00039,2024-01-07,T0139,Enrolled,2026-07-07 23:12:34.816646,LCK_20260707_231234_XAJI0Y
En00199,E00134,C00023,2024-01-24,T0160,Completed,2026-07-07 23:12:34.816646,LCK_20260707_231234_XAJI0Y
En00200,E00134,C00025,2022-07-24,T0142,Completed,2026-07-07 23:12:34.816646,LCK_20260707_231234_XAJI0Y
En00201,E00135,C00021,2024-03-21,T0030,Cancelled,2026-07-07 23:12:34.816646,LCK_20260707_231234_XAJI0Y
En00202,E00135,C00007,2026-06-04,T0061,Enrolled,2026-07-07 23:12:34.816646,LCK_20260707_231234_XAJI0Y
En00203,E00136,C00005,2024-10-30,T0004,Cancelled,2026-07-07 23:12:34.816646,LCK_20260707_231234_XAJI0Y
En00204,E00136,C00046,2023-05-10,T0070,Completed,2026-07-07 23:12:34.816646,LCK_20260707_231234_XAJI0Y
En00205,E00137,C00032,2024-08-14,T0007,Cancelled,2026-07-07 23:12:34.816646,LCK_20260707_231234_XAJI0Y
En00206,E00137,C00027,2024-08-14,T0088,Cancelled,2026-07-07 23:12:34.816646,LCK_20260707_231234_XAJI0Y
En00207,E00137,C00035,2024-08-14,T0164,Completed,2026-07-07 23:12:34.816646,LCK_20260707_231234_XAJI0Y
En00208,E00140,C00014,2021-03-23,T0013,Enrolled,2026-07-07 23:12:34.816646,LCK_20260707_231234_XAJI0Y
En00209,E00140,C00041,2024-02-21,T0173,Enrolled,2026-07-07 23:12:34.816646,LCK_20260707_231234_XAJI0Y
En00210,E00141,C00030,2023-09-15,T0055,Enrolled,2026-07-07 23:12:34.816646,LCK_20260707_231234_XAJI0Y
En00211,E00141,C00025,2023-10-04,T0012,Completed,2026-07-07 23:12:34.816646,LCK_20260707_231234_XAJI0Y
En00212,E00142,C00031,2021-08-23,T0010,Completed,2026-07-07 23:12:34.816646,LCK_20260707_231234_XAJI0Y
En00213,E00142,C00014,2021-10-01,T0039,Completed,2026-07-07 23:12:34.816646,LCK_20260707_231234_XAJI0Y
En00214,E00143,C00047,2025-06-09,T0041,In Progress,2026-07-07 23:12:34.816646,LCK_20260707_231234_XAJI0Y
En00215,E00143,C00002,2021-03-23,T0185,Completed,2026-07-07 23:12:34.816646,LCK_20260707_231234_XAJI0Y
En00216,E00143,C00021,2024-08-18,T0030,In Progress,2026-07-07 23:12:34.816646,LCK_20260707_231234_XAJI0Y
En00217,E00145,C00023,2024-06-14,T0134,Cancelled,2026-07-07 23:12:34.816646,LCK_20260707_231234_XAJI0Y
En00218,E00145,C00007,2026-03-30,T0014,In Progress,2026-07-07 23:12:34.816646,LCK_20260707_231234_XAJI0Y
En00219,E00146,C00037,2025-09-27,T0154,In Progress,2026-07-07 23:12:34.816646,LCK_20260707_231234_XAJI0Y
En00220,E00147,C00046,2024-06-05,T0070,Enrolled,2026-07-07 23:12:34.816646,LCK_20260707_231234_XAJI0Y
En00221,E00148,C00034,2024-07-16,T0105,Enrolled,2026-07-07 23:12:34.816646,LCK_20260707_231234_XAJI0Y
En00222,E00148,C00047,2025-08-27,T0041,Completed,2026-07-07 23:12:34.816646,LCK_20260707_231234_XAJI0Y
En00223,E00148,C00018,2024-07-16,T0190,Completed,2026-07-07 23:12:34.816646,LCK_20260707_231234_XAJI0Y
En00224,E00149,C00013,2025-09-20,T0075,In Progress,2026-07-07 23:12:34.816646,LCK_20260707_231234_XAJI0Y
En00225,E00149,C00023,2024-05-22,T0050,Completed,2026-07-07 23:12:34.816646,LCK_20260707_231234_XAJI0Y
En00226,E00149,C00040,2022-07-11,T0167,Enrolled,2026-07-07 23:12:34.816646,LCK_20260707_231234_XAJI0Y
En00227,E00150,C00030,2023-10-08,T0135,In Progress,2026-07-07 23:12:34.816646,LCK_20260707_231234_XAJI0Y
En00228,E00153,C00014,2022-02-09,T0039,Enrolled,2026-07-07 23:12:34.816646,LCK_20260707_231234_XAJI0Y
En00229,E00153,C00027,2022-04-11,T0058,Enrolled,2026-07-07 23:12:34.816646,LCK_20260707_231234_XAJI0Y
En00230,E00154,C00032,2022-12-18,T0079,In Progress,2026-07-07 23:12:34.816646,LCK_20260707_231234_XAJI0Y
En00231,E00154,C00047,2025-07-03,T0064,In Progress,2026-07-07 23:12:34.816646,LCK_20260707_231234_XAJI0Y
En00232,E00155,C00017,2025-03-10,T0005,Cancelled,2026-07-07 23:12:34.816646,LCK_20260707_231234_XAJI0Y
En00233,E00157,C00028,2023-09-17,T0018,In Progress,2026-07-07 23:12:34.816646,LCK_20260707_231234_XAJI0Y
En00234,E00157,C00040,2022-08-01,T0194,Completed,2026-07-07 23:12:34.816646,LCK_20260707_231234_XAJI0Y
En00235,E00158,C00028,2025-05-08,T0072,Completed,2026-07-07 23:12:34.816646,LCK_20260707_231234_XAJI0Y
En00236,E00159,C00019,2025-06-17,T0056,In Progress,2026-07-07 23:12:34.816646,LCK_20260707_231234_XAJI0Y
En00237,E00159,C00035,2021-03-30,T0127,Completed,2026-07-07 23:12:34.816646,LCK_20260707_231234_XAJI0Y
En00238,E00160,C00041,2023-12-28,T0173,Completed,2026-07-07 23:12:34.816646,LCK_20260707_231234_XAJI0Y
En00239,E00161,C00013,2026-01-19,T0075,Cancelled,2026-07-07 23:12:34.816646,LCK_20260707_231234_XAJI0Y
En00240,E00161,C00032,2021-11-21,T0108,In Progress,2026-07-07 23:12:34.816646,LCK_20260707_231234_XAJI0Y
En00241,E00161,C00039,2024-03-05,T0139,Enrolled,2026-07-07 23:12:34.816646,LCK_20260707_231234_XAJI0Y
En00242,E00163,C00035,2021-05-27,T0127,Cancelled,2026-07-07 23:12:34.816646,LCK_20260707_231234_XAJI0Y
En00243,E00163,C00019,2026-01-10,T0077,Enrolled,2026-07-07 23:12:34.816646,LCK_20260707_231234_XAJI0Y
En00244,E00163,C00033,2022-10-29,T0101,In Progress,2026-07-07 23:12:34.816646,LCK_20260707_231234_XAJI0Y
En00245,E00164,C00016,2021-01-05,T0085,In Progress,2026-07-07 23:12:34.816646,LCK_20260707_231234_XAJI0Y
En00246,E00164,C00041,2024-11-07,T0173,In Progress,2026-07-07 23:12:34.816646,LCK_20260707_231234_XAJI0Y
En00247,E00165,C00033,2022-11-30,T0073,Completed,2026-07-07 23:12:34.816646,LCK_20260707_231234_XAJI0Y
En00248,E00166,C00008,2024-09-27,T0006,In Progress,2026-07-07 23:12:34.816646,LCK_20260707_231234_XAJI0Y
En00249,E00167,C00025,2025-02-05,T0012,Enrolled,2026-07-07 23:12:34.816646,LCK_20260707_231234_XAJI0Y
En00250,E00167,C00027,2025-02-05,T0161,Completed,2026-07-07 23:12:34.816646,LCK_20260707_231234_XAJI0Y
En00251,E00168,C00010,2026-02-05,T0000,In Progress,2026-07-07 23:12:34.816646,LCK_20260707_231234_XAJI0Y
En00252,E00168,C00050,2020-12-12,T0125,In Progress,2026-07-07 23:12:34.816646,LCK_20260707_231234_XAJI0Y
En00253,E00169,C00031,2021-10-04,T0111,Completed,2026-07-07 23:12:34.816646,LCK_20260707_231234_XAJI0Y
En00254,E00169,C00004,2025-10-24,T0151,Completed,2026-07-07 23:12:34.816646,LCK_20260707_231234_XAJI0Y
En00255,E00170,C00035,2021-07-30,T0127,In Progress,2026-07-07 23:12:34.816646,LCK_20260707_231234_XAJI0Y
En00256,E00170,C00017,2025-09-07,T0005,Cancelled,2026-07-07 23:12:34.816646,LCK_20260707_231234_XAJI0Y
En00257,E00171,C00030,2023-06-24,T0135,Cancelled,2026-07-07 23:12:34.816646,LCK_20260707_231234_XAJI0Y
En00258,E00172,C00009,2021-09-17,T0001,Enrolled,2026-07-07 23:12:34.816646,LCK_20260707_231234_XAJI0Y
En00259,E00172,C00044,2025-03-09,T0182,Completed,2026-07-07 23:12:34.816646,LCK_20260707_231234_XAJI0Y
En00260,E00172,C00019,2025-11-09,T0056,Completed,2026-07-07 23:12:34.816646,LCK_20260707_231234_XAJI0Y
En00261,E00173,C00014,2025-05-12,T0149,Cancelled,2026-07-07 23:12:34.816646,LCK_20260707_231234_XAJI0Y
En00262,E00174,C00032,2021-10-18,T0047,Enrolled,2026-07-07 23:12:34.816646,LCK_20260707_231234_XAJI0Y
En00263,E00174,C00005,2024-08-22,T0183,In Progress,2026-07-07 23:12:34.816646,LCK_20260707_231234_XAJI0Y
En00264,E00174,C00007,2026-03-18,T0029,Completed,2026-07-07 23:12:34.816646,LCK_20260707_231234_XAJI0Y
En00265,E00175,C00027,2022-08-23,T0161,Completed,2026-07-07 23:12:34.816646,LCK_20260707_231234_XAJI0Y
En00266,E00175,C00013,2025-09-04,T0075,Cancelled,2026-07-07 23:12:34.816646,LCK_20260707_231234_XAJI0Y
En00267,E00178,C00046,2023-12-05,T0070,Completed,2026-07-07 23:12:34.816646,LCK_20260707_231234_XAJI0Y
En00268,E00178,C00003,2023-11-24,T0083,Enrolled,2026-07-07 23:12:34.816646,LCK_20260707_231234_XAJI0Y
En00269,E00178,C00028,2024-08-11,T0040,Completed,2026-07-07 23:12:34.816646,LCK_20260707_231234_XAJI0Y
En00270,E00179,C00041,2024-08-30,T0173,Completed,2026-07-07 23:12:34.816646,LCK_20260707_231234_XAJI0Y
En00271,E00180,C00023,2024-05-22,T0196,Cancelled,2026-07-07 23:12:34.816646,LCK_20260707_231234_XAJI0Y
En00272,E00180,C00041,2024-06-15,T0173,Completed,2026-07-07 23:12:34.816646,LCK_20260707_231234_XAJI0Y
En00273,E00181,C00009,2021-10-30,T0001,Completed,2026-07-07 23:12:34.816646,LCK_20260707_231234_XAJI0Y
En00274,E00182,C00018,2023-02-13,T0136,In Progress,2026-07-07 23:12:34.816646,LCK_20260707_231234_XAJI0Y
En00275,E00182,C00033,2022-11-19,T0144,Enrolled,2026-07-07 23:12:34.816646,LCK_20260707_231234_XAJI0Y
En00276,E00182,C00034,2022-08-26,T0105,Cancelled,2026-07-07 23:12:34.816646,LCK_20260707_231234_XAJI0Y
En00277,E00184,C00004,2026-01-19,T0151,In Progress,2026-07-07 23:12:34.816646,LCK_20260707_231234_XAJI0Y
En00278,E00184,C00043,2024-10-22,T0137,Cancelled,2026-07-07 23:12:34.816646,LCK_20260707_231234_XAJI0Y
En00279,E00185,C00028,2023-12-15,T0018,In Progress,2026-07-07 23:12:34.816646,LCK_20260707_231234_XAJI0Y
En00280,E00186,C00013,2025-07-18,T0156,Completed,2026-07-07 23:12:34.816646,LCK_20260707_231234_XAJI0Y
En00281,E00186,C00048,2026-04-02,T0143,Completed,2026-07-07 23:12:34.816646,LCK_20260707_231234_XAJI0Y
En00282,E00186,C00014,2021-05-05,T0039,In Progress,2026-07-07 23:12:34.816646,LCK_20260707_231234_XAJI0Y
En00283,E00187,C00040,2021-10-29,T0115,In Progress,2026-07-07 23:12:34.816646,LCK_20260707_231234_XAJI0Y
En00284,E00187,C00039,2024-03-26,T0019,Enrolled,2026-07-07 23:12:34.816646,LCK_20260707_231234_XAJI0Y
En00285,E00187,C00016,2021-01-30,T0085,Completed,2026-07-07 23:12:34.816646,LCK_20260707_231234_XAJI0Y
En00286,E00188,C00004,2025-12-05,T0151,Enrolled,2026-07-07 23:12:34.816646,LCK_20260707_231234_XAJI0Y
En00287,E00188,C00021,2023-10-31,T0030,Enrolled,2026-07-07 23:12:34.816646,LCK_20260707_231234_XAJI0Y
En00288,E00188,C00043,2025-03-20,T0074,In Progress,2026-07-07 23:12:34.816646,LCK_20260707_231234_XAJI0Y
En00289,E00189,C00016,2021-01-23,T0085,Completed,2026-07-07 23:12:34.816646,LCK_20260707_231234_XAJI0Y
En00290,E00190,C00013,2026-04-30,T0156,Enrolled,2026-07-07 23:12:34.816646,LCK_20260707_231234_XAJI0Y
En00291,E00190,C00022,2025-12-17,T0168,Enrolled,2026-07-07 23:12:34.816646,LCK_20260707_231234_XAJI0Y
En00292,E00191,C00026,2024-11-22,T0106,Cancelled,2026-07-07 23:12:34.816646,LCK_20260707_231234_XAJI0Y
En00293,E00192,C00030,2023-07-31,T0169,Completed,2026-07-07 23:12:34.816646,LCK_20260707_231234_XAJI0Y
En00294,E00193,C00041,2025-03-09,T0063,Enrolled,2026-07-07 23:12:34.816646,LCK_20260707_231234_XAJI0Y
En00295,E00194,C00047,2026-01-05,T0026,In Progress,2026-07-07 23:12:34.816646,LCK_20260707_231234_XAJI0Y
En00296,E00194,C00046,2024-07-17,T0114,Cancelled,2026-07-07 23:12:34.816646,LCK_20260707_231234_XAJI0Y
En00297,E00195,C00015,2026-05-05,T0053,Enrolled,2026-07-07 23:12:34.816646,LCK_20260707_231234_XAJI0Y
En00298,E00195,C00038,2020-08-17,T0082,In Progress,2026-07-07 23:12:34.816646,LCK_20260707_231234_XAJI0Y
En00299,E00195,C00027,2021-04-21,T0158,In Progress,2026-07-07 23:12:34.816646,LCK_20260707_231234_XAJI0Y
En00300,E00196,C00026,2024-09-27,T0118,Completed,2026-07-07 23:12:34.816646,LCK_20260707_231234_XAJI0Y
En00301,E00197,C00029,2026-05-29,T0009,Completed,2026-07-07 23:12:34.816646,LCK_20260707_231234_XAJI0Y
En00302,E00199,C00008,2024-11-23,T0193,In Progress,2026-07-07 23:12:34.816646,LCK_20260707_231234_XAJI0Y
En00303,E00199,C00022,2025-12-28,T0168,Enrolled,2026-07-07 23:12:34.816646,LCK_20260707_231234_XAJI0Y
En00304,E00200,C00038,2020-11-07,T0116,Enrolled,2026-07-07 23:12:34.816646,LCK_20260707_231234_XAJI0Y
En00305,E00201,C00013,2025-11-25,T0156,Cancelled,2026-07-07 23:12:34.816646,LCK_20260707_231234_XAJI0Y
En00306,E00201,C00031,2021-05-31,T0010,Completed,2026-07-07 23:12:34.816646,LCK_20260707_231234_XAJI0Y
En00307,E00203,C00028,2024-08-04,T0150,Enrolled,2026-07-07 23:12:34.816646,LCK_20260707_231234_XAJI0Y
En00308,E00203,C00031,2021-06-05,T0084,Completed,2026-07-07 23:12:34.816646,LCK_20260707_231234_XAJI0Y
En00309,E00204,C00021,2024-03-26,T0030,Completed,2026-07-07 23:12:34.816646,LCK_20260707_231234_XAJI0Y
En00310,E00206,C00027,2021-05-25,T0058,Completed,2026-07-07 23:12:34.816646,LCK_20260707_231234_XAJI0Y
En00311,E00206,C00030,2023-12-17,T0055,Cancelled,2026-07-07 23:12:34.816646,LCK_20260707_231234_XAJI0Y
En00312,E00206,C00033,2023-01-29,T0157,In Progress,2026-07-07 23:12:34.816646,LCK_20260707_231234_XAJI0Y
En00313,E00208,C00007,2025-10-06,T0102,Enrolled,2026-07-07 23:12:34.816646,LCK_20260707_231234_XAJI0Y
En00314,E00208,C00029,2025-11-27,T0009,Cancelled,2026-07-07 23:12:34.816646,LCK_20260707_231234_XAJI0Y
En00315,E00208,C00034,2022-09-20,T0146,In Progress,2026-07-07 23:12:34.816646,LCK_20260707_231234_XAJI0Y
En00316,E00209,C00030,2023-06-05,T0169,Completed,2026-07-07 23:12:34.816646,LCK_20260707_231234_XAJI0Y
En00317,E00209,C00015,2026-06-10,T0051,Enrolled,2026-07-07 23:12:34.816646,LCK_20260707_231234_XAJI0Y
En00318,E00213,C00016,2021-01-29,T0085,In Progress,2026-07-07 23:12:34.816646,LCK_20260707_231234_XAJI0Y
En00319,E00213,C00014,2021-09-14,T0039,Cancelled,2026-07-07 23:12:34.816646,LCK_20260707_231234_XAJI0Y
En00320,E00213,C00033,2023-06-14,T0080,Completed,2026-07-07 23:12:34.816646,LCK_20260707_231234_XAJI0Y
En00321,E00214,C00040,2022-03-25,T0115,Enrolled,2026-07-07 23:12:34.816646,LCK_20260707_231234_XAJI0Y
En00322,E00214,C00022,2026-01-17,T0068,In Progress,2026-07-07 23:12:34.816646,LCK_20260707_231234_XAJI0Y
En00323,E00215,C00033,2023-05-27,T0131,Enrolled,2026-07-07 23:12:34.816646,LCK_20260707_231234_XAJI0Y
En00324,E00215,C00046,2023-08-11,T0070,In Progress,2026-07-07 23:12:34.816646,LCK_20260707_231234_XAJI0Y
En00325,E00215,C00017,2024-06-07,T0005,Completed,2026-07-07 23:12:34.816646,LCK_20260707_231234_XAJI0Y
En00326,E00216,C00025,2023-01-29,T0012,In Progress,2026-07-07 23:12:34.816646,LCK_20260707_231234_XAJI0Y
En00327,E00216,C00028,2024-07-13,T0072,Enrolled,2026-07-07 23:12:34.816646,LCK_20260707_231234_XAJI0Y
En00328,E00217,C00025,2023-10-12,T0012,Completed,2026-07-07 23:12:34.816646,LCK_20260707_231234_XAJI0Y
En00329,E00218,C00032,2021-05-07,T0007,Enrolled,2026-07-07 23:12:34.816646,LCK_20260707_231234_XAJI0Y
En00330,E00218,C00030,2024-02-22,T0135,Completed,2026-07-07 23:12:34.816646,LCK_20260707_231234_XAJI0Y
En00331,E00219,C00049,2024-05-08,T0045,In Progress,2026-07-07 23:12:34.816646,LCK_20260707_231234_XAJI0Y
En00332,E00219,C00040,2024-05-08,T0167,Completed,2026-07-07 23:12:34.816646,LCK_20260707_231234_XAJI0Y
En00333,E00219,C00016,2024-05-08,T0085,In Progress,2026-07-07 23:12:34.816646,LCK_20260707_231234_XAJI0Y
En00334,E00220,C00030,2023-10-13,T0169,Cancelled,2026-07-07 23:12:34.816646,LCK_20260707_231234_XAJI0Y
En00335,E00220,C00027,2022-01-17,T0161,Enrolled,2026-07-07 23:12:34.816646,LCK_20260707_231234_XAJI0Y
En00336,E00221,C00043,2024-12-30,T0074,In Progress,2026-07-07 23:12:34.816646,LCK_20260707_231234_XAJI0Y
En00337,E00221,C00022,2025-04-26,T0168,In Progress,2026-07-07 23:12:34.816646,LCK_20260707_231234_XAJI0Y
En00338,E00222,C00028,2023-11-03,T0018,Enrolled,2026-07-07 23:12:34.816646,LCK_20260707_231234_XAJI0Y
En00339,E00222,C00041,2024-09-02,T0173,In Progress,2026-07-07 23:12:34.816646,LCK_20260707_231234_XAJI0Y
En00340,E00223,C00039,2023-10-25,T0139,Cancelled,2026-07-07 23:12:34.816646,LCK_20260707_231234_XAJI0Y
En00341,E00223,C00034,2022-09-19,T0043,Completed,2026-07-07 23:12:34.816646,LCK_20260707_231234_XAJI0Y
En00342,E00223,C00050,2021-05-28,T0147,Completed,2026-07-07 23:12:34.816646,LCK_20260707_231234_XAJI0Y
En00343,E00224,C00007,2026-04-27,T0061,Completed,2026-07-07 23:12:34.816646,LCK_20260707_231234_XAJI0Y
En00344,E00224,C00039,2023-08-28,T0139,Enrolled,2026-07-07 23:12:34.816646,LCK_20260707_231234_XAJI0Y
En00345,E00225,C00014,2021-12-22,T0013,In Progress,2026-07-07 23:12:34.816646,LCK_20260707_231234_XAJI0Y
En00346,E00225,C00003,2023-06-22,T0112,Completed,2026-07-07 23:12:34.816646,LCK_20260707_231234_XAJI0Y
En00347,E00226,C00050,2020-12-27,T0125,In Progress,2026-07-07 23:12:34.816646,LCK_20260707_231234_XAJI0Y
En00348,E00226,C00038,2021-02-21,T0082,Completed,2026-07-07 23:12:34.816646,LCK_20260707_231234_XAJI0Y
En00349,E00227,C00031,2023-05-26,T0084,Completed,2026-07-07 23:12:34.816646,LCK_20260707_231234_XAJI0Y
En00350,E00228,C00010,2026-01-30,T0000,Completed,2026-07-07 23:12:34.816646,LCK_20260707_231234_XAJI0Y
En00351,E00228,C00031,2021-05-10,T0111,In Progress,2026-07-07 23:12:34.816646,LCK_20260707_231234_XAJI0Y
En00352,E00230,C00030,2024-02-25,T0135,Completed,2026-07-07 23:12:34.816646,LCK_20260707_231234_XAJI0Y
En00353,E00231,C00014,2021-04-05,T0149,Completed,2026-07-07 23:12:34.816646,LCK_20260707_231234_XAJI0Y
En00354,E00231,C00031,2021-08-07,T0010,In Progress,2026-07-07 23:12:34.816646,LCK_20260707_231234_XAJI0Y
En00355,E00232,C00028,2023-11-08,T0150,Completed,2026-07-07 23:12:34.816646,LCK_20260707_231234_XAJI0Y
En00356,E00233,C00050,2021-07-31,T0094,Completed,2026-07-07 23:12:34.816646,LCK_20260707_231234_XAJI0Y
En00357,E00233,C00023,2024-05-09,T0162,In Progress,2026-07-07 23:12:34.816646,LCK_20260707_231234_XAJI0Y
En00358,E00233,C00010,2026-04-20,T0000,Cancelled,2026-07-07 23:12:34.816646,LCK_20260707_231234_XAJI0Y
En00359,E00234,C00041,2024-09-16,T0173,Completed,2026-07-07 23:12:34.816646,LCK_20260707_231234_XAJI0Y
En00360,E00234,C00040,2022-01-22,T0166,Completed,2026-07-07 23:12:34.816646,LCK_20260707_231234_XAJI0Y
En00361,E00235,C00022,2025-07-20,T0068,Completed,2026-07-07 23:12:34.816646,LCK_20260707_231234_XAJI0Y
En00362,E00235,C00040,2021-09-18,T0167,Cancelled,2026-07-07 23:12:34.816646,LCK_20260707_231234_XAJI0Y
En00363,E00236,C00027,2024-10-24,T0158,Cancelled,2026-07-07 23:12:34.816646,LCK_20260707_231234_XAJI0Y
En00364,E00236,C00043,2025-03-04,T0137,In Progress,2026-07-07 23:12:34.816646,LCK_20260707_231234_XAJI0Y
En00365,E00236,C00024,2024-10-24,T0107,Enrolled,2026-07-07 23:12:34.816646,LCK_20260707_231234_XAJI0Y
En00366,E00237,C00030,2024-03-13,T0169,Completed,2026-07-07 23:12:34.816646,LCK_20260707_231234_XAJI0Y
En00367,E00239,C00028,2024-02-08,T0150,Enrolled,2026-07-07 23:12:34.816646,LCK_20260707_231234_XAJI0Y
En00368,E00240,C00016,2020-10-30,T0085,Cancelled,2026-07-07 23:12:34.816646,LCK_20260707_231234_XAJI0Y
En00369,E00241,C00015,2026-02-26,T0172,Completed,2026-07-07 23:12:34.816646,LCK_20260707_231234_XAJI0Y
En00370,E00241,C00035,2021-12-10,T0035,Cancelled,2026-07-07 23:12:34.816646,LCK_20260707_231234_XAJI0Y
En00371,E00241,C00024,2022-07-11,T0153,Cancelled,2026-07-07 23:12:34.816646,LCK_20260707_231234_XAJI0Y
En00372,E00242,C00039,2025-04-05,T0019,Cancelled,2026-07-07 23:12:34.816646,LCK_20260707_231234_XAJI0Y
En00373,E00242,C00036,2025-04-05,T0092,Cancelled,2026-07-07 23:12:34.816646,LCK_20260707_231234_XAJI0Y
En00374,E00243,C00049,2023-09-17,T0003,Enrolled,2026-07-07 23:12:34.816646,LCK_20260707_231234_XAJI0Y
En00375,E00243,C00020,2024-06-20,T0076,Cancelled,2026-07-07 23:12:34.816646,LCK_20260707_231234_XAJI0Y
En00376,E00243,C00005,2024-11-29,T0183,Completed,2026-07-07 23:12:34.816646,LCK_20260707_231234_XAJI0Y
En00377,E00244,C00043,2024-09-30,T0074,In Progress,2026-07-07 23:12:34.816646,LCK_20260707_231234_XAJI0Y
En00378,E00244,C00032,2021-12-06,T0159,In Progress,2026-07-07 23:12:34.816646,LCK_20260707_231234_XAJI0Y
En00379,E00244,C00021,2023-12-22,T0030,Completed,2026-07-07 23:12:34.816646,LCK_20260707_231234_XAJI0Y
En00380,E00245,C00024,2023-11-16,T0107,Enrolled,2026-07-07 23:12:34.816646,LCK_20260707_231234_XAJI0Y
En00381,E00245,C00041,2024-01-03,T0063,Cancelled,2026-07-07 23:12:34.816646,LCK_20260707_231234_XAJI0Y
En00382,E00245,C00048,2026-04-06,T0096,Cancelled,2026-07-07 23:12:34.816646,LCK_20260707_231234_XAJI0Y
En00383,E00247,C00040,2022-03-12,T0166,In Progress,2026-07-07 23:12:34.816646,LCK_20260707_231234_XAJI0Y
En00384,E00248,C00013,2025-10-12,T0126,In Progress,2026-07-07 23:12:34.816646,LCK_20260707_231234_XAJI0Y
En00385,E00248,C00022,2025-12-13,T0068,In Progress,2026-07-07 23:12:34.816646,LCK_20260707_231234_XAJI0Y
En00386,E00248,C00039,2024-02-05,T0170,In Progress,2026-07-07 23:12:34.816646,LCK_20260707_231234_XAJI0Y
En00387,E00249,C00030,2023-07-02,T0135,In Progress,2026-07-07 23:12:34.816646,LCK_20260707_231234_XAJI0Y
En00388,E00249,C00029,2026-03-31,T0186,Cancelled,2026-07-07 23:12:34.816646,LCK_20260707_231234_XAJI0Y
En00389,E00250,C00013,2026-05-24,T0126,Completed,2026-07-07 23:12:34.816646,LCK_20260707_231234_XAJI0Y
En00390,E00251,C00024,2022-12-01,T0107,In Progress,2026-07-07 23:12:34.816646,LCK_20260707_231234_XAJI0Y
En00391,E00251,C00023,2024-07-14,T0162,Cancelled,2026-07-07 23:12:34.816646,LCK_20260707_231234_XAJI0Y
En00392,E00251,C00015,2025-08-17,T0051,Completed,2026-07-07 23:12:34.816646,LCK_20260707_231234_XAJI0Y
En00393,E00252,C00030,2023-06-29,T0055,Cancelled,2026-07-07 23:12:34.816646,LCK_20260707_231234_XAJI0Y
En00394,E00252,C00023,2024-07-31,T0132,Completed,2026-07-07 23:12:34.816646,LCK_20260707_231234_XAJI0Y
En00395,E00253,C00018,2023-01-21,T0192,Enrolled,2026-07-07 23:12:34.816646,LCK_20260707_231234_XAJI0Y
En00396,E00253,C00044,2025-03-13,T0038,Completed,2026-07-07 23:12:34.816646,LCK_20260707_231234_XAJI0Y
En00397,E00253,C00008,2025-03-05,T0006,In Progress,2026-07-07 23:12:34.816646,LCK_20260707_231234_XAJI0Y
En00398,E00254,C00032,2022-07-14,T0159,In Progress,2026-07-07 23:12:34.816646,LCK_20260707_231234_XAJI0Y
En00399,E00256,C00020,2024-03-20,T0113,Completed,2026-07-07 23:12:34.816646,LCK_20260707_231234_XAJI0Y
En00400,E00257,C00017,2025-01-30,T0180,Enrolled,2026-07-07 23:12:34.816646,LCK_20260707_231234_XAJI0Y
En00401,E00258,C00022,2026-03-03,T0168,In Progress,2026-07-07 23:12:34.816646,LCK_20260707_231234_XAJI0Y
En00402,E00258,C00027,2023-05-04,T0161,Cancelled,2026-07-07 23:12:34.816646,LCK_20260707_231234_XAJI0Y
En00403,E00259,C00033,2023-03-17,T0144,Enrolled,2026-07-07 23:12:34.816646,LCK_20260707_231234_XAJI0Y
En00404,E00259,C00040,2022-05-31,T0166,Completed,2026-07-07 23:12:34.816646,LCK_20260707_231234_XAJI0Y
En00405,E00259,C00042,2022-03-18,T0011,Cancelled,2026-07-07 23:12:34.816646,LCK_20260707_231234_XAJI0Y
En00406,E00260,C00032,2021-12-09,T0159,Completed,2026-07-07 23:12:34.816646,LCK_20260707_231234_XAJI0Y
En00407,E00260,C00045,2023-07-21,T0023,Enrolled,2026-07-07 23:12:34.816646,LCK_20260707_231234_XAJI0Y
En00408,E00261,C00031,2021-12-02,T0010,In Progress,2026-07-07 23:12:34.816646,LCK_20260707_231234_XAJI0Y
En00409,E00262,C00019,2025-07-10,T0056,In Progress,2026-07-07 23:12:34.816646,LCK_20260707_231234_XAJI0Y
En00410,E00262,C00032,2022-04-11,T0007,In Progress,2026-07-07 23:12:34.816646,LCK_20260707_231234_XAJI0Y
En00411,E00262,C00026,2024-03-10,T0118,In Progress,2026-07-07 23:12:34.816646,LCK_20260707_231234_XAJI0Y
En00412,E00263,C00005,2025-03-14,T0004,Completed,2026-07-07 23:12:34.816646,LCK_20260707_231234_XAJI0Y
En00413,E00263,C00050,2021-09-10,T0103,In Progress,2026-07-07 23:12:34.816646,LCK_20260707_231234_XAJI0Y
En00414,E00263,C00035,2021-02-23,T0127,In Progress,2026-07-07 23:12:34.816646,LCK_20260707_231234_XAJI0Y
En00415,E00264,C00023,2024-04-04,T0050,Completed,2026-07-07 23:12:34.816646,LCK_20260707_231234_XAJI0Y
En00416,E00264,C00015,2026-01-31,T0123,Completed,2026-07-07 23:12:34.816646,LCK_20260707_231234_XAJI0Y
En00417,E00265,C00042,2022-07-18,T0034,In Progress,2026-07-07 23:12:34.816646,LCK_20260707_231234_XAJI0Y
En00418,E00265,C00041,2024-01-04,T0173,Cancelled,2026-07-07 23:12:34.816646,LCK_20260707_231234_XAJI0Y
En00419,E00265,C00010,2026-01-02,T0000,In Progress,2026-07-07 23:12:34.816646,LCK_20260707_231234_XAJI0Y
En00420,E00266,C00013,2025-12-28,T0156,Completed,2026-07-07 23:12:34.816646,LCK_20260707_231234_XAJI0Y
En00421,E00266,C00022,2025-04-11,T0068,Enrolled,2026-07-07 23:12:34.816646,LCK_20260707_231234_XAJI0Y
En00422,E00267,C00021,2024-11-21,T0030,Enrolled,2026-07-07 23:12:34.816646,LCK_20260707_231234_XAJI0Y
En00423,E00268,C00025,2022-11-22,T0142,In Progress,2026-07-07 23:12:34.816646,LCK_20260707_231234_XAJI0Y
En00424,E00268,C00013,2025-10-31,T0075,In Progress,2026-07-07 23:12:34.816646,LCK_20260707_231234_XAJI0Y
En00425,E00270,C00033,2022-11-04,T0157,Cancelled,2026-07-07 23:12:34.816646,LCK_20260707_231234_XAJI0Y
En00426,E00270,C00031,2021-08-14,T0152,Cancelled,2026-07-07 23:12:34.816646,LCK_20260707_231234_XAJI0Y
En00427,E00271,C00028,2024-02-03,T0072,In Progress,2026-07-07 23:12:34.816646,LCK_20260707_231234_XAJI0Y
En00428,E00271,C00025,2023-10-23,T0037,In Progress,2026-07-07 23:12:34.816646,LCK_20260707_231234_XAJI0Y
En00429,E00272,C00026,2024-08-19,T0130,Cancelled,2026-07-07 23:12:34.816646,LCK_20260707_231234_XAJI0Y
En00430,E00272,C00033,2022-10-25,T0157,Completed,2026-07-07 23:12:34.816646,LCK_20260707_231234_XAJI0Y
En00431,E00273,C00029,2026-04-28,T0024,Enrolled,2026-07-07 23:12:34.816646,LCK_20260707_231234_XAJI0Y
En00432,E00273,C00041,2024-08-17,T0173,In Progress,2026-07-07 23:12:34.816646,LCK_20260707_231234_XAJI0Y
En00433,E00273,C00025,2022-10-31,T0037,In Progress,2026-07-07 23:12:34.816646,LCK_20260707_231234_XAJI0Y
En00434,E00274,C00043,2025-04-11,T0089,Completed,2026-07-07 23:12:34.816646,LCK_20260707_231234_XAJI0Y
En00435,E00274,C00034,2022-08-13,T0146,Completed,2026-07-07 23:12:34.816646,LCK_20260707_231234_XAJI0Y
En00436,E00275,C00034,2022-11-12,T0043,Cancelled,2026-07-07 23:12:34.816646,LCK_20260707_231234_XAJI0Y
En00437,E00276,C00032,2022-03-23,T0007,Completed,2026-07-07 23:12:34.816646,LCK_20260707_231234_XAJI0Y
En00438,E00277,C00015,2025-08-17,T0172,In Progress,2026-07-07 23:12:34.816646,LCK_20260707_231234_XAJI0Y
En00439,E00277,C00022,2026-01-15,T0168,Completed,2026-07-07 23:12:34.816646,LCK_20260707_231234_XAJI0Y
En00440,E00277,C00027,2021-12-27,T0158,Enrolled,2026-07-07 23:12:34.816646,LCK_20260707_231234_XAJI0Y
En00441,E00278,C00024,2023-04-05,T0153,Cancelled,2026-07-07 23:12:34.816646,LCK_20260707_231234_XAJI0Y
En00442,E00279,C00018,2023-08-08,T0025,Completed,2026-07-07 23:12:34.816646,LCK_20260707_231234_XAJI0Y
En00443,E00279,C00003,2023-09-17,T0112,Cancelled,2026-07-07 23:12:34.816646,LCK_20260707_231234_XAJI0Y
En00444,E00280,C00007,2026-04-22,T0029,Cancelled,2026-07-07 23:12:34.816646,LCK_20260707_231234_XAJI0Y
En00445,E00281,C00017,2025-02-13,T0005,Completed,2026-07-07 23:12:34.816646,LCK_20260707_231234_XAJI0Y
En00446,E00282,C00030,2023-05-07,T0169,Enrolled,2026-07-07 23:12:34.816646,LCK_20260707_231234_XAJI0Y
En00447,E00282,C00033,2023-05-18,T0144,Completed,2026-07-07 23:12:34.816646,LCK_20260707_231234_XAJI0Y
En00448,E00283,C00047,2026-01-06,T0109,Completed,2026-07-07 23:12:34.816646,LCK_20260707_231234_XAJI0Y
En00449,E00283,C00028,2023-11-22,T0072,Enrolled,2026-07-07 23:12:34.816646,LCK_20260707_231234_XAJI0Y
En00450,E00284,C00046,2023-09-06,T0070,Completed,2026-07-07 23:12:34.816646,LCK_20260707_231234_XAJI0Y
En00451,E00284,C00021,2024-06-20,T0030,In Progress,2026-07-07 23:12:34.816646,LCK_20260707_231234_XAJI0Y
En00452,E00284,C00028,2023-11-02,T0018,Completed,2026-07-07 23:12:34.816646,LCK_20260707_231234_XAJI0Y
En00453,E00285,C00027,2022-02-05,T0161,Cancelled,2026-07-07 23:12:34.816646,LCK_20260707_231234_XAJI0Y
En00454,E00285,C00028,2024-02-06,T0018,Completed,2026-07-07 23:12:34.816646,LCK_20260707_231234_XAJI0Y
En00455,E00286,C00039,2024-12-13,T0170,Completed,2026-07-07 23:12:34.816646,LCK_20260707_231234_XAJI0Y
En00456,E00287,C00017,2025-01-11,T0005,In Progress,2026-07-07 23:12:34.816646,LCK_20260707_231234_XAJI0Y
En00457,E00287,C00022,2025-05-12,T0168,In Progress,2026-07-07 23:12:34.816646,LCK_20260707_231234_XAJI0Y
En00458,E00287,C00047,2025-06-20,T0026,Enrolled,2026-07-07 23:12:34.816646,LCK_20260707_231234_XAJI0Y
En00459,E00288,C00038,2020-10-16,T0116,In Progress,2026-07-07 23:12:34.816646,LCK_20260707_231234_XAJI0Y
En00460,E00288,C00041,2023-12-14,T0063,Enrolled,2026-07-07 23:12:34.816646,LCK_20260707_231234_XAJI0Y
En00461,E00289,C00017,2025-06-27,T0180,Completed,2026-07-07 23:12:34.816646,LCK_20260707_231234_XAJI0Y
En00462,E00289,C00028,2024-06-24,T0072,Cancelled,2026-07-07 23:12:34.816646,LCK_20260707_231234_XAJI0Y
En00463,E00289,C00046,2023-02-18,T0114,In Progress,2026-07-07 23:12:34.816646,LCK_20260707_231234_XAJI0Y
En00464,E00290,C00017,2026-06-18,T0005,Completed,2026-07-07 23:12:34.816646,LCK_20260707_231234_XAJI0Y
En00465,E00291,C00021,2024-02-19,T0030,Completed,2026-07-07 23:12:34.816646,LCK_20260707_231234_XAJI0Y
En00466,E00292,C00028,2024-02-23,T0072,Cancelled,2026-07-07 23:12:34.816646,LCK_20260707_231234_XAJI0Y
En00467,E00292,C00032,2022-03-02,T0079,Completed,2026-07-07 23:12:34.816646,LCK_20260707_231234_XAJI0Y
En00468,E00292,C00038,2020-10-29,T0117,In Progress,2026-07-07 23:12:34.816646,LCK_20260707_231234_XAJI0Y
En00469,E00293,C00027,2023-12-29,T0161,In Progress,2026-07-07 23:12:34.816646,LCK_20260707_231234_XAJI0Y
En00470,E00293,C00001,2023-12-29,T0124,In Progress,2026-07-07 23:12:34.816646,LCK_20260707_231234_XAJI0Y
En00471,E00293,C00005,2025-06-01,T0004,Completed,2026-07-07 23:12:34.816646,LCK_20260707_231234_XAJI0Y
En00472,E00294,C00023,2024-03-19,T0134,In Progress,2026-07-07 23:12:34.816646,LCK_20260707_231234_XAJI0Y
En00473,E00294,C00013,2025-12-16,T0126,Enrolled,2026-07-07 23:12:34.816646,LCK_20260707_231234_XAJI0Y
En00474,E00295,C00028,2023-12-03,T0040,Completed,2026-07-07 23:12:34.816646,LCK_20260707_231234_XAJI0Y
En00475,E00295,C00027,2022-03-17,T0058,Cancelled,2026-07-07 23:12:34.816646,LCK_20260707_231234_XAJI0Y
En00476,E00296,C00034,2022-12-20,T0105,Enrolled,2026-07-07 23:12:34.816646,LCK_20260707_231234_XAJI0Y
En00477,E00297,C00046,2023-10-11,T0114,Completed,2026-07-07 23:12:34.816646,LCK_20260707_231234_XAJI0Y
En00478,E00298,C00033,2024-08-15,T0071,Completed,2026-07-07 23:12:34.816646,LCK_20260707_231234_XAJI0Y
En00479,E00298,C00015,2025-06-25,T0027,Completed,2026-07-07 23:12:34.816646,LCK_20260707_231234_XAJI0Y
En00480,E00299,C00008,2024-09-26,T0066,In Progress,2026-07-07 23:12:34.816646,LCK_20260707_231234_XAJI0Y
En00481,E00299,C00040,2022-05-20,T0166,In Progress,2026-07-07 23:12:34.816646,LCK_20260707_231234_XAJI0Y
En00482,E00299,C00005,2024-12-28,T0183,Completed,2026-07-07 23:12:34.816646,LCK_20260707_231234_XAJI0Y
En00483,E00300,C00003,2023-06-28,T0083,Cancelled,2026-07-07 23:12:34.816646,LCK_20260707_231234_XAJI0Y
En00484,E00300,C00043,2024-09-04,T0100,In Progress,2026-07-07 23:12:34.816646,LCK_20260707_231234_XAJI0Y
En00485,E00300,C00032,2021-12-05,T0015,Completed,2026-07-07 23:12:34.816646,LCK_20260707_231234_XAJI0Y
En00486,E00301,C00034,2022-07-18,T0105,Enrolled,2026-07-07 23:12:34.816646,LCK_20260707_231234_XAJI0Y
En00487,E00301,C00019,2025-07-17,T0056,Cancelled,2026-07-07 23:12:34.816646,LCK_20260707_231234_XAJI0Y
En00488,E00301,C00041,2024-09-18,T0063,Completed,2026-07-07 23:12:34.816646,LCK_20260707_231234_XAJI0Y
En00489,E00302,C00014,2021-11-01,T0013,Completed,2026-07-07 23:12:34.816646,LCK_20260707_231234_XAJI0Y
En00490,E00302,C00023,2024-09-25,T0132,In Progress,2026-07-07 23:12:34.816646,LCK_20260707_231234_XAJI0Y
En00491,E00302,C00028,2024-03-29,T0150,Enrolled,2026-07-07 23:12:34.816646,LCK_20260707_231234_XAJI0Y
En00492,E00304,C00008,2024-10-23,T0066,Completed,2026-07-07 23:12:34.816646,LCK_20260707_231234_XAJI0Y
En00493,E00305,C00022,2025-10-15,T0068,In Progress,2026-07-07 23:12:34.816646,LCK_20260707_231234_XAJI0Y
En00494,E00305,C00046,2024-07-30,T0114,Completed,2026-07-07 23:12:34.816646,LCK_20260707_231234_XAJI0Y
En00495,E00306,C00022,2025-07-26,T0168,Cancelled,2026-07-07 23:12:34.816646,LCK_20260707_231234_XAJI0Y
En00496,E00306,C00026,2025-04-29,T0087,In Progress,2026-07-07 23:12:34.816646,LCK_20260707_231234_XAJI0Y
En00497,E00308,C00004,2025-12-22,T0151,Enrolled,2026-07-07 23:12:34.816646,LCK_20260707_231234_XAJI0Y
En00498,E00308,C00039,2023-10-16,T0170,In Progress,2026-07-07 23:12:34.816646,LCK_20260707_231234_XAJI0Y
En00499,E00308,C00022,2025-12-25,T0068,Completed,2026-07-07 23:12:34.816646,LCK_20260707_231234_XAJI0Y
En00500,E00309,C00028,2024-06-02,T0040,Completed,2026-07-07 23:12:34.816646,LCK_20260707_231234_XAJI0Y
En00501,E00310,C00022,2025-05-03,T0068,Cancelled,2026-07-07 23:12:34.816646,LCK_20260707_231234_XAJI0Y
En00502,E00311,C00030,2024-02-14,T0169,Completed,2026-07-07 23:12:34.816646,LCK_20260707_231234_XAJI0Y
En00503,E00312,C00030,2024-02-16,T0055,Completed,2026-07-07 23:12:34.816646,LCK_20260707_231234_XAJI0Y
En00504,E00312,C00027,2022-01-11,T0161,Completed,2026-07-07 23:12:34.816646,LCK_20260707_231234_XAJI0Y
En00505,E00313,C00028,2024-05-26,T0018,Completed,2026-07-07 23:12:34.816646,LCK_20260707_231234_XAJI0Y
En00506,E00313,C00033,2022-09-21,T0157,In Progress,2026-07-07 23:12:34.816646,LCK_20260707_231234_XAJI0Y
En00507,E00314,C00025,2022-08-12,T0142,Cancelled,2026-07-07 23:12:34.816646,LCK_20260707_231234_XAJI0Y
En00508,E00315,C00042,2023-04-18,T0034,In Progress,2026-07-07 23:12:34.816646,LCK_20260707_231234_XAJI0Y
En00509,E00315,C00008,2025-01-29,T0193,In Progress,2026-07-07 23:12:34.816646,LCK_20260707_231234_XAJI0Y
En00510,E00315,C00049,2024-04-19,T0054,Completed,2026-07-07 23:12:34.816646,LCK_20260707_231234_XAJI0Y
En00511,E00316,C00019,2025-11-15,T0077,Completed,2026-07-07 23:12:34.816646,LCK_20260707_231234_XAJI0Y
En00512,E00316,C00026,2025-03-11,T0118,Cancelled,2026-07-07 23:12:34.816646,LCK_20260707_231234_XAJI0Y
En00513,E00317,C00018,2022-12-20,T0136,Completed,2026-07-07 23:12:34.816646,LCK_20260707_231234_XAJI0Y
En00514,E00318,C00028,2023-11-03,T0072,Completed,2026-07-07 23:12:34.816646,LCK_20260707_231234_XAJI0Y
En00515,E00319,C00028,2024-05-12,T0072,Completed,2026-07-07 23:12:34.816646,LCK_20260707_231234_XAJI0Y
En00516,E00320,C00010,2025-11-10,T0000,Completed,2026-07-07 23:12:34.816646,LCK_20260707_231234_XAJI0Y
En00517,E00320,C00035,2024-11-11,T0127,Completed,2026-07-07 23:12:34.816646,LCK_20260707_231234_XAJI0Y
En00518,E00321,C00037,2026-05-28,T0133,Cancelled,2026-07-07 23:12:34.816646,LCK_20260707_231234_XAJI0Y
En00519,E00322,C00036,2024-01-23,T0059,Completed,2026-07-07 23:12:34.816646,LCK_20260707_231234_XAJI0Y
En00520,E00323,C00031,2021-08-13,T0084,Cancelled,2026-07-07 23:12:34.816646,LCK_20260707_231234_XAJI0Y
En00521,E00324,C00010,2025-08-22,T0000,Enrolled,2026-07-07 23:12:34.816646,LCK_20260707_231234_XAJI0Y
En00522,E00324,C00029,2025-05-31,T0046,In Progress,2026-07-07 23:12:34.816646,LCK_20260707_231234_XAJI0Y
En00523,E00325,C00025,2023-12-25,T0017,Enrolled,2026-07-07 23:12:34.816646,LCK_20260707_231234_XAJI0Y
En00524,E00325,C00023,2024-05-29,T0196,Completed,2026-07-07 23:12:34.816646,LCK_20260707_231234_XAJI0Y
En00525,E00325,C00019,2026-01-19,T0056,Enrolled,2026-07-07 23:12:34.816646,LCK_20260707_231234_XAJI0Y
En00526,E00327,C00028,2024-05-14,T0150,Enrolled,2026-07-07 23:12:34.816646,LCK_20260707_231234_XAJI0Y
En00527,E00327,C00006,2021-12-26,T0098,Cancelled,2026-07-07 23:12:34.816646,LCK_20260707_231234_XAJI0Y
En00528,E00327,C00021,2024-04-21,T0030,Completed,2026-07-07 23:12:34.816646,LCK_20260707_231234_XAJI0Y
En00529,E00328,C00027,2024-03-29,T0158,Enrolled,2026-07-07 23:12:34.816646,LCK_20260707_231234_XAJI0Y
En00530,E00329,C00028,2024-08-03,T0040,Enrolled,2026-07-07 23:12:34.816646,LCK_20260707_231234_XAJI0Y
En00531,E00329,C00027,2022-01-10,T0058,Completed,2026-07-07 23:12:34.816646,LCK_20260707_231234_XAJI0Y
En00532,E00330,C00030,2024-03-13,T0169,In Progress,2026-07-07 23:12:34.816646,LCK_20260707_231234_XAJI0Y
En00533,E00332,C00032,2021-05-30,T0007,Enrolled,2026-07-07 23:12:34.816646,LCK_20260707_231234_XAJI0Y
En00534,E00333,C00015,2026-02-03,T0123,Cancelled,2026-07-07 23:12:34.816646,LCK_20260707_231234_XAJI0Y
En00535,E00333,C00016,2020-10-30,T0085,In Progress,2026-07-07 23:12:34.816646,LCK_20260707_231234_XAJI0Y
En00536,E00335,C00020,2023-12-22,T0113,Completed,2026-07-07 23:12:34.816646,LCK_20260707_231234_XAJI0Y
En00537,E00335,C00010,2026-01-25,T0000,Completed,2026-07-07 23:12:34.816646,LCK_20260707_231234_XAJI0Y
En00538,E00335,C00048,2026-04-15,T0143,Enrolled,2026-07-07 23:12:34.816646,LCK_20260707_231234_XAJI0Y
En00539,E00336,C00018,2022-12-11,T0025,Completed,2026-07-07 23:12:34.816646,LCK_20260707_231234_XAJI0Y
En00540,E00337,C00031,2024-12-27,T0084,Completed,2026-07-07 23:12:34.816646,LCK_20260707_231234_XAJI0Y
En00541,E00338,C00019,2025-12-09,T0077,Completed,2026-07-07 23:12:34.816646,LCK_20260707_231234_XAJI0Y
En00542,E00338,C00026,2024-03-30,T0106,Enrolled,2026-07-07 23:12:34.816646,LCK_20260707_231234_XAJI0Y
En00543,E00339,C00029,2025-07-27,T0024,Completed,2026-07-07 23:12:34.816646,LCK_20260707_231234_XAJI0Y
En00544,E00342,C00014,2021-05-08,T0039,Completed,2026-07-07 23:12:34.816646,LCK_20260707_231234_XAJI0Y
En00545,E00343,C00033,2022-09-11,T0080,Completed,2026-07-07 23:12:34.816646,LCK_20260707_231234_XAJI0Y
En00546,E00344,C00026,2024-08-25,T0087,Completed,2026-07-07 23:12:34.816646,LCK_20260707_231234_XAJI0Y
En00547,E00344,C00022,2025-11-18,T0068,In Progress,2026-07-07 23:12:34.816646,LCK_20260707_231234_XAJI0Y
En00548,E00345,C00046,2023-04-25,T0114,Completed,2026-07-07 23:12:34.816646,LCK_20260707_231234_XAJI0Y
En00549,E00345,C00049,2023-06-13,T0054,Completed,2026-07-07 23:12:34.816646,LCK_20260707_231234_XAJI0Y
En00550,E00346,C00035,2021-04-16,T0035,Completed,2026-07-07 23:12:34.816646,LCK_20260707_231234_XAJI0Y
En00551,E00347,C00032,2022-08-02,T0015,In Progress,2026-07-07 23:12:34.816646,LCK_20260707_231234_XAJI0Y
En00552,E00347,C00009,2022-08-02,T0145,Cancelled,2026-07-07 23:12:34.816646,LCK_20260707_231234_XAJI0Y
En00553,E00347,C00031,2022-08-02,T0010,Completed,2026-07-07 23:12:34.816646,LCK_20260707_231234_XAJI0Y
En00554,E00349,C00025,2023-01-28,T0037,In Progress,2026-07-07 23:12:34.816646,LCK_20260707_231234_XAJI0Y
En00555,E00350,C00011,2024-08-05,T0199,Enrolled,2026-07-07 23:12:34.816646,LCK_20260707_231234_XAJI0Y
En00556,E00351,C00043,2024-11-20,T0100,Completed,2026-07-07 23:12:34.816646,LCK_20260707_231234_XAJI0Y
En00557,E00351,C00015,2025-09-14,T0049,Enrolled,2026-07-07 23:12:34.816646,LCK_20260707_231234_XAJI0Y
En00558,E00351,C00022,2025-09-20,T0068,In Progress,2026-07-07 23:12:34.816646,LCK_20260707_231234_XAJI0Y
En00559,E00352,C00047,2025-08-20,T0140,Cancelled,2026-07-07 23:12:34.816646,LCK_20260707_231234_XAJI0Y
En00560,E00353,C00027,2021-03-28,T0161,Cancelled,2026-07-07 23:12:34.816646,LCK_20260707_231234_XAJI0Y
En00561,E00354,C00032,2021-09-20,T0007,In Progress,2026-07-07 23:12:34.816646,LCK_20260707_231234_XAJI0Y
En00562,E00355,C00031,2021-12-02,T0152,Cancelled,2026-07-07 23:12:34.816646,LCK_20260707_231234_XAJI0Y
En00563,E00356,C00039,2023-12-26,T0019,Enrolled,2026-07-07 23:12:34.816646,LCK_20260707_231234_XAJI0Y
En00564,E00356,C00014,2021-07-06,T0149,In Progress,2026-07-07 23:12:34.816646,LCK_20260707_231234_XAJI0Y
En00565,E00357,C00028,2024-09-10,T0018,Completed,2026-07-07 23:12:34.816646,LCK_20260707_231234_XAJI0Y
En00566,E00358,C00015,2026-03-27,T0049,In Progress,2026-07-07 23:12:34.816646,LCK_20260707_231234_XAJI0Y
En00567,E00358,C00021,2024-02-26,T0030,Completed,2026-07-07 23:12:34.816646,LCK_20260707_231234_XAJI0Y
En00568,E00360,C00040,2022-06-23,T0115,Enrolled,2026-07-07 23:12:34.816646,LCK_20260707_231234_XAJI0Y
En00569,E00361,C00023,2024-07-03,T0160,In Progress,2026-07-07 23:12:34.816646,LCK_20260707_231234_XAJI0Y
En00570,E00362,C00016,2024-07-15,T0085,Completed,2026-07-07 23:12:34.816646,LCK_20260707_231234_XAJI0Y
En00571,E00362,C00040,2024-07-15,T0166,Cancelled,2026-07-07 23:12:34.816646,LCK_20260707_231234_XAJI0Y
En00572,E00362,C00015,2025-12-07,T0049,Enrolled,2026-07-07 23:12:34.816646,LCK_20260707_231234_XAJI0Y
En00573,E00364,C00020,2024-02-15,T0113,Completed,2026-07-07 23:12:34.816646,LCK_20260707_231234_XAJI0Y
En00574,E00364,C00019,2026-02-28,T0065,Enrolled,2026-07-07 23:12:34.816646,LCK_20260707_231234_XAJI0Y
En00575,E00367,C00017,2024-08-14,T0005,Enrolled,2026-07-07 23:12:34.816646,LCK_20260707_231234_XAJI0Y
En00576,E00368,C00015,2025-05-19,T0051,Cancelled,2026-07-07 23:12:34.816646,LCK_20260707_231234_XAJI0Y
En00577,E00368,C00017,2026-03-15,T0005,Completed,2026-07-07 23:12:34.816646,LCK_20260707_231234_XAJI0Y
En00578,E00371,C00028,2023-10-24,T0018,Cancelled,2026-07-07 23:12:34.816646,LCK_20260707_231234_XAJI0Y
En00579,E00372,C00010,2025-04-15,T0000,Enrolled,2026-07-07 23:12:34.816646,LCK_20260707_231234_XAJI0Y
En00580,E00372,C00003,2023-12-23,T0181,In Progress,2026-07-07 23:12:34.816646,LCK_20260707_231234_XAJI0Y
En00581,E00372,C00045,2023-05-01,T0093,Completed,2026-07-07 23:12:34.816646,LCK_20260707_231234_XAJI0Y
En00582,E00374,C00026,2024-03-05,T0130,Completed,2026-07-07 23:12:34.816646,LCK_20260707_231234_XAJI0Y
En00583,E00375,C00028,2024-12-05,T0040,In Progress,2026-07-07 23:12:34.816646,LCK_20260707_231234_XAJI0Y
En00584,E00376,C00035,2021-11-06,T0127,Completed,2026-07-07 23:12:34.816646,LCK_20260707_231234_XAJI0Y
En00585,E00376,C00027,2022-01-11,T0158,In Progress,2026-07-07 23:12:34.816646,LCK_20260707_231234_XAJI0Y
En00586,E00377,C00012,2021-09-23,T0062,In Progress,2026-07-07 23:12:34.816646,LCK_20260707_231234_XAJI0Y
En00587,E00379,C00022,2025-03-24,T0168,Completed,2026-07-07 23:12:34.816646,LCK_20260707_231234_XAJI0Y
En00588,E00380,C00040,2022-05-27,T0166,Completed,2026-07-07 23:12:34.816646,LCK_20260707_231234_XAJI0Y
En00589,E00380,C00013,2026-03-28,T0126,Cancelled,2026-07-07 23:12:34.816646,LCK_20260707_231234_XAJI0Y
En00590,E00381,C00047,2025-08-23,T0109,Enrolled,2026-07-07 23:12:34.816646,LCK_20260707_231234_XAJI0Y
En00591,E00381,C00038,2021-05-05,T0082,Cancelled,2026-07-07 23:12:34.816646,LCK_20260707_231234_XAJI0Y
En00592,E00382,C00036,2024-10-14,T0092,Completed,2026-07-07 23:12:34.816646,LCK_20260707_231234_XAJI0Y
En00593,E00383,C00018,2022-05-18,T0136,Enrolled,2026-07-07 23:12:34.816646,LCK_20260707_231234_XAJI0Y
En00594,E00383,C00005,2024-06-11,T0183,Cancelled,2026-07-07 23:12:34.816646,LCK_20260707_231234_XAJI0Y
En00595,E00384,C00024,2022-07-25,T0097,In Progress,2026-07-07 23:12:34.816646,LCK_20260707_231234_XAJI0Y
En00596,E00385,C00035,2021-01-11,T0035,Enrolled,2026-07-07 23:12:34.816646,LCK_20260707_231234_XAJI0Y
En00597,E00386,C00020,2024-08-11,T0076,Completed,2026-07-07 23:12:34.816646,LCK_20260707_231234_XAJI0Y
En00598,E00386,C00043,2024-08-14,T0100,In Progress,2026-07-07 23:12:34.816646,LCK_20260707_231234_XAJI0Y
En00599,E00386,C00013,2025-08-06,T0075,Completed,2026-07-07 23:12:34.816646,LCK_20260707_231234_XAJI0Y
En00600,E00387,C00025,2022-11-28,T0017,In Progress,2026-07-07 23:12:34.816646,LCK_20260707_231234_XAJI0Y
En00601,E00387,C00008,2025-02-24,T0066,Enrolled,2026-07-07 23:12:34.816646,LCK_20260707_231234_XAJI0Y
En00602,E00387,C00013,2026-06-06,T0075,Cancelled,2026-07-07 23:12:34.816646,LCK_20260707_231234_XAJI0Y
En00603,E00388,C00025,2023-05-19,T0012,Enrolled,2026-07-07 23:12:34.816646,LCK_20260707_231234_XAJI0Y
En00604,E00388,C00028,2024-02-01,T0040,Completed,2026-07-07 23:12:34.816646,LCK_20260707_231234_XAJI0Y
En00605,E00389,C00019,2025-10-30,T0065,Completed,2026-07-07 23:12:34.816646,LCK_20260707_231234_XAJI0Y
En00606,E00389,C00028,2024-01-01,T0018,Completed,2026-07-07 23:12:34.816646,LCK_20260707_231234_XAJI0Y
En00607,E00390,C00033,2023-03-17,T0131,Completed,2026-07-07 23:12:34.816646,LCK_20260707_231234_XAJI0Y
En00608,E00391,C00033,2022-11-27,T0157,Enrolled,2026-07-07 23:12:34.816646,LCK_20260707_231234_XAJI0Y
En00609,E00392,C00027,2023-07-06,T0158,In Progress,2026-07-07 23:12:34.816646,LCK_20260707_231234_XAJI0Y
En00610,E00395,C00033,2023-05-07,T0144,Enrolled,2026-07-07 23:12:34.816646,LCK_20260707_231234_XAJI0Y
En00611,E00396,C00017,2024-06-27,T0005,In Progress,2026-07-07 23:12:34.816646,LCK_20260707_231234_XAJI0Y
En00612,E00396,C00024,2022-12-16,T0091,In Progress,2026-07-07 23:12:34.816646,LCK_20260707_231234_XAJI0Y
En00613,E00396,C00029,2026-03-14,T0024,Completed,2026-07-07 23:12:34.816646,LCK_20260707_231234_XAJI0Y
En00614,E00397,C00027,2022-03-19,T0158,Completed,2026-07-07 23:12:34.816646,LCK_20260707_231234_XAJI0Y
En00615,E00398,C00039,2023-10-22,T0019,In Progress,2026-07-07 23:12:34.816646,LCK_20260707_231234_XAJI0Y
En00616,E00398,C00047,2025-06-15,T0064,Cancelled,2026-07-07 23:12:34.816646,LCK_20260707_231234_XAJI0Y
En00617,E00399,C00028,2024-06-25,T0150,Enrolled,2026-07-07 23:12:34.816646,LCK_20260707_231234_XAJI0Y
En00618,E00399,C00025,2022-05-10,T0017,Enrolled,2026-07-07 23:12:34.816646,LCK_20260707_231234_XAJI0Y
En00619,E00400,C00010,2025-08-17,T0000,Cancelled,2026-07-07 23:12:34.816646,LCK_20260707_231234_XAJI0Y
En00620,E00400,C00006,2021-09-01,T0178,Completed,2026-07-07 23:12:34.816646,LCK_20260707_231234_XAJI0Y
En00621,E00402,C00032,2021-10-22,T0079,In Progress,2026-07-07 23:12:34.816646,LCK_20260707_231234_XAJI0Y
En00622,E00402,C00021,2023-10-10,T0030,In Progress,2026-07-07 23:12:34.816646,LCK_20260707_231234_XAJI0Y
En00623,E00403,C00024,2023-02-16,T0107,Completed,2026-07-07 23:12:34.816646,LCK_20260707_231234_XAJI0Y
En00624,E00404,C00038,2023-04-10,T0117,Enrolled,2026-07-07 23:12:34.816646,LCK_20260707_231234_XAJI0Y
En00625,E00404,C00041,2024-07-16,T0173,Cancelled,2026-07-07 23:12:34.816646,LCK_20260707_231234_XAJI0Y
En00626,E00405,C00027,2021-11-26,T0088,Completed,2026-07-07 23:12:34.816646,LCK_20260707_231234_XAJI0Y
En00627,E00405,C00032,2021-06-16,T0079,Enrolled,2026-07-07 23:12:34.816646,LCK_20260707_231234_XAJI0Y
En00628,E00406,C00014,2021-06-03,T0013,Cancelled,2026-07-07 23:12:34.816646,LCK_20260707_231234_XAJI0Y
En00629,E00407,C00046,2023-03-21,T0114,Enrolled,2026-07-07 23:12:34.816646,LCK_20260707_231234_XAJI0Y
En00630,E00407,C00016,2021-01-14,T0085,Cancelled,2026-07-07 23:12:34.816646,LCK_20260707_231234_XAJI0Y
En00631,E00407,C00007,2025-11-13,T0061,In Progress,2026-07-07 23:12:34.816646,LCK_20260707_231234_XAJI0Y
En00632,E00408,C00027,2021-05-01,T0058,In Progress,2026-07-07 23:12:34.816646,LCK_20260707_231234_XAJI0Y
En00633,E00408,C00028,2024-03-13,T0072,Cancelled,2026-07-07 23:12:34.816646,LCK_20260707_231234_XAJI0Y
En00634,E00409,C00025,2023-07-27,T0012,Completed,2026-07-07 23:12:34.816646,LCK_20260707_231234_XAJI0Y
En00635,E00409,C00027,2021-05-21,T0058,Completed,2026-07-07 23:12:34.816646,LCK_20260707_231234_XAJI0Y
En00636,E00410,C00014,2022-01-15,T0039,Enrolled,2026-07-07 23:12:34.816646,LCK_20260707_231234_XAJI0Y
En00637,E00410,C00040,2022-01-16,T0194,Enrolled,2026-07-07 23:12:34.816646,LCK_20260707_231234_XAJI0Y
En00638,E00411,C00028,2024-08-05,T0150,Enrolled,2026-07-07 23:12:34.816646,LCK_20260707_231234_XAJI0Y
En00639,E00411,C00027,2022-11-20,T0088,Enrolled,2026-07-07 23:12:34.816646,LCK_20260707_231234_XAJI0Y
En00640,E00412,C00036,2024-09-18,T0138,Cancelled,2026-07-07 23:12:34.816646,LCK_20260707_231234_XAJI0Y
En00641,E00413,C00026,2024-08-07,T0106,In Progress,2026-07-07 23:12:34.816646,LCK_20260707_231234_XAJI0Y
En00642,E00413,C00023,2024-11-06,T0196,Enrolled,2026-07-07 23:12:34.816646,LCK_20260707_231234_XAJI0Y
En00643,E00415,C00023,2024-01-23,T0134,Cancelled,2026-07-07 23:12:34.816646,LCK_20260707_231234_XAJI0Y
En00644,E00415,C00027,2021-09-08,T0158,Completed,2026-07-07 23:12:34.816646,LCK_20260707_231234_XAJI0Y
En00645,E00416,C00039,2024-03-15,T0170,Cancelled,2026-07-07 23:12:34.816646,LCK_20260707_231234_XAJI0Y
En00646,E00416,C00018,2023-11-12,T0136,Enrolled,2026-07-07 23:12:34.816646,LCK_20260707_231234_XAJI0Y
En00647,E00417,C00026,2025-02-14,T0130,In Progress,2026-07-07 23:12:34.816646,LCK_20260707_231234_XAJI0Y
En00648,E00417,C00033,2023-06-23,T0071,Enrolled,2026-07-07 23:12:34.816646,LCK_20260707_231234_XAJI0Y
En00649,E00417,C00025,2022-11-05,T0012,In Progress,2026-07-07 23:12:34.816646,LCK_20260707_231234_XAJI0Y
En00650,E00418,C00038,2020-12-31,T0028,Cancelled,2026-07-07 23:12:34.816646,LCK_20260707_231234_XAJI0Y
En00651,E00418,C00046,2023-08-28,T0114,In Progress,2026-07-07 23:12:34.816646,LCK_20260707_231234_XAJI0Y
En00652,E00418,C00034,2022-10-27,T0146,In Progress,2026-07-07 23:12:34.816646,LCK_20260707_231234_XAJI0Y
En00653,E00420,C00046,2023-03-09,T0070,In Progress,2026-07-07 23:12:34.816646,LCK_20260707_231234_XAJI0Y
En00654,E00420,C00031,2021-12-16,T0084,Cancelled,2026-07-07 23:12:34.816646,LCK_20260707_231234_XAJI0Y
En00655,E00421,C00033,2023-05-05,T0131,In Progress,2026-07-07 23:12:34.816646,LCK_20260707_231234_XAJI0Y
En00656,E00421,C00030,2023-06-18,T0135,Enrolled,2026-07-07 23:12:34.816646,LCK_20260707_231234_XAJI0Y
En00657,E00424,C00021,2024-07-06,T0030,Cancelled,2026-07-07 23:12:34.816646,LCK_20260707_231234_XAJI0Y
En00658,E00424,C00045,2023-08-09,T0023,In Progress,2026-07-07 23:12:34.816646,LCK_20260707_231234_XAJI0Y
En00659,E00424,C00047,2025-09-05,T0109,Enrolled,2026-07-07 23:12:34.816646,LCK_20260707_231234_XAJI0Y
En00660,E00425,C00041,2024-11-25,T0063,Completed,2026-07-07 23:12:34.816646,LCK_20260707_231234_XAJI0Y
En00661,E00425,C00006,2021-11-21,T0178,Cancelled,2026-07-07 23:12:34.816646,LCK_20260707_231234_XAJI0Y
En00662,E00425,C00050,2021-05-05,T0125,In Progress,2026-07-07 23:12:34.816646,LCK_20260707_231234_XAJI0Y
En00663,E00426,C00028,2024-01-24,T0150,Completed,2026-07-07 23:12:34.816646,LCK_20260707_231234_XAJI0Y
En00664,E00427,C00039,2023-09-29,T0139,Enrolled,2026-07-07 23:12:34.816646,LCK_20260707_231234_XAJI0Y
En00665,E00427,C00037,2026-03-13,T0133,Cancelled,2026-07-07 23:12:34.816646,LCK_20260707_231234_XAJI0Y
En00666,E00428,C00020,2023-12-28,T0113,Enrolled,2026-07-07 23:12:34.816646,LCK_20260707_231234_XAJI0Y
En00667,E00428,C00043,2025-07-20,T0089,Cancelled,2026-07-07 23:12:34.816646,LCK_20260707_231234_XAJI0Y
En00668,E00428,C00028,2024-06-25,T0150,Completed,2026-07-07 23:12:34.816646,LCK_20260707_231234_XAJI0Y
En00669,E00429,C00024,2023-03-21,T0153,In Progress,2026-07-07 23:12:34.816646,LCK_20260707_231234_XAJI0Y
En00670,E00429,C00027,2023-03-05,T0088,In Progress,2026-07-07 23:12:34.816646,LCK_20260707_231234_XAJI0Y
En00671,E00429,C00013,2026-05-29,T0075,Completed,2026-07-07 23:12:34.816646,LCK_20260707_231234_XAJI0Y
En00672,E00430,C00028,2023-10-11,T0150,Enrolled,2026-07-07 23:12:34.816646,LCK_20260707_231234_XAJI0Y
En00673,E00431,C00027,2022-04-03,T0088,Cancelled,2026-07-07 23:12:34.816646,LCK_20260707_231234_XAJI0Y
En00674,E00432,C00027,2023-04-02,T0088,In Progress,2026-07-07 23:12:34.816646,LCK_20260707_231234_XAJI0Y
En00675,E00433,C00027,2022-03-08,T0161,Completed,2026-07-07 23:12:34.816646,LCK_20260707_231234_XAJI0Y
En00676,E00433,C00025,2022-06-07,T0012,Completed,2026-07-07 23:12:34.816646,LCK_20260707_231234_XAJI0Y
En00677,E00435,C00037,2025-07-06,T0002,Cancelled,2026-07-07 23:12:34.816646,LCK_20260707_231234_XAJI0Y
En00678,E00435,C00019,2025-12-15,T0197,Enrolled,2026-07-07 23:12:34.816646,LCK_20260707_231234_XAJI0Y
En00679,E00436,C00025,2025-04-12,T0012,Completed,2026-07-07 23:12:34.816646,LCK_20260707_231234_XAJI0Y
En00680,E00437,C00031,2021-07-27,T0084,Completed,2026-07-07 23:12:34.816646,LCK_20260707_231234_XAJI0Y
En00681,E00437,C00006,2022-01-16,T0098,Enrolled,2026-07-07 23:12:34.816646,LCK_20260707_231234_XAJI0Y
En00682,E00438,C00030,2023-08-13,T0169,In Progress,2026-07-07 23:12:34.816646,LCK_20260707_231234_XAJI0Y
En00683,E00439,C00028,2024-05-20,T0040,Enrolled,2026-07-07 23:12:34.816646,LCK_20260707_231234_XAJI0Y
En00684,E00441,C00039,2023-12-10,T0019,Completed,2026-07-07 23:12:34.816646,LCK_20260707_231234_XAJI0Y
En00685,E00442,C00013,2025-07-01,T0075,In Progress,2026-07-07 23:12:34.816646,LCK_20260707_231234_XAJI0Y
En00686,E00442,C00019,2026-01-08,T0077,In Progress,2026-07-07 23:12:34.816646,LCK_20260707_231234_XAJI0Y
En00687,E00443,C00039,2024-01-11,T0139,Cancelled,2026-07-07 23:12:34.816646,LCK_20260707_231234_XAJI0Y
En00688,E00443,C00028,2024-06-08,T0040,Enrolled,2026-07-07 23:12:34.816646,LCK_20260707_231234_XAJI0Y
En00689,E00444,C00017,2025-05-30,T0005,In Progress,2026-07-07 23:12:34.816646,LCK_20260707_231234_XAJI0Y
En00690,E00444,C00033,2022-11-11,T0101,Completed,2026-07-07 23:12:34.816646,LCK_20260707_231234_XAJI0Y
En00691,E00444,C00014,2021-09-18,T0149,In Progress,2026-07-07 23:12:34.816646,LCK_20260707_231234_XAJI0Y
En00692,E00445,C00025,2022-06-02,T0012,Completed,2026-07-07 23:12:34.816646,LCK_20260707_231234_XAJI0Y
En00693,E00445,C00027,2021-05-30,T0158,Completed,2026-07-07 23:12:34.816646,LCK_20260707_231234_XAJI0Y
En00694,E00446,C00038,2021-04-15,T0028,Completed,2026-07-07 23:12:34.816646,LCK_20260707_231234_XAJI0Y
En00695,E00446,C00013,2025-07-26,T0075,Completed,2026-07-07 23:12:34.816646,LCK_20260707_231234_XAJI0Y
En00696,E00447,C00030,2023-11-02,T0169,In Progress,2026-07-07 23:12:34.816646,LCK_20260707_231234_XAJI0Y
En00697,E00448,C00010,2025-04-10,T0000,Completed,2026-07-07 23:12:34.816646,LCK_20260707_231234_XAJI0Y
En00698,E00449,C00027,2022-03-05,T0161,Enrolled,2026-07-07 23:12:34.816646,LCK_20260707_231234_XAJI0Y
En00699,E00449,C00025,2022-07-15,T0012,Completed,2026-07-07 23:12:34.816646,LCK_20260707_231234_XAJI0Y
En00700,E00450,C00025,2023-08-02,T0012,Enrolled,2026-07-07 23:12:34.816646,LCK_20260707_231234_XAJI0Y
En00701,E00451,C00003,2023-08-13,T0083,Cancelled,2026-07-07 23:12:34.816646,LCK_20260707_231234_XAJI0Y
En00702,E00451,C00048,2026-01-12,T0143,Completed,2026-07-07 23:12:34.816646,LCK_20260707_231234_XAJI0Y
En00703,E00452,C00014,2021-09-09,T0039,Cancelled,2026-07-07 23:12:34.816646,LCK_20260707_231234_XAJI0Y
En00704,E00453,C00038,2021-08-04,T0176,Enrolled,2026-07-07 23:12:34.816646,LCK_20260707_231234_XAJI0Y
En00705,E00454,C00038,2020-08-13,T0028,In Progress,2026-07-07 23:12:34.816646,LCK_20260707_231234_XAJI0Y
En00706,E00455,C00045,2023-12-05,T0093,Cancelled,2026-07-07 23:12:34.816646,LCK_20260707_231234_XAJI0Y
En00707,E00455,C00008,2025-04-06,T0066,Completed,2026-07-07 23:12:34.816646,LCK_20260707_231234_XAJI0Y
En00708,E00455,C00016,2020-10-21,T0191,Cancelled,2026-07-07 23:12:34.816646,LCK_20260707_231234_XAJI0Y
En00709,E00456,C00045,2023-12-19,T0093,Enrolled,2026-07-07 23:12:34.816646,LCK_20260707_231234_XAJI0Y
En00710,E00456,C00026,2025-03-21,T0106,Completed,2026-07-07 23:12:34.816646,LCK_20260707_231234_XAJI0Y
En00711,E00457,C00039,2024-07-19,T0019,Enrolled,2026-07-07 23:12:34.816646,LCK_20260707_231234_XAJI0Y
En00712,E00457,C00029,2025-09-21,T0009,Completed,2026-07-07 23:12:34.816646,LCK_20260707_231234_XAJI0Y
En00713,E00457,C00034,2024-07-19,T0146,Completed,2026-07-07 23:12:34.816646,LCK_20260707_231234_XAJI0Y
En00714,E00459,C00023,2024-02-04,T0162,Cancelled,2026-07-07 23:12:34.816646,LCK_20260707_231234_XAJI0Y
En00715,E00459,C00040,2022-05-08,T0166,Enrolled,2026-07-07 23:12:34.816646,LCK_20260707_231234_XAJI0Y
En00716,E00460,C00038,2021-01-18,T0082,In Progress,2026-07-07 23:12:34.816646,LCK_20260707_231234_XAJI0Y
En00717,E00460,C00025,2022-06-04,T0017,Completed,2026-07-07 23:12:34.816646,LCK_20260707_231234_XAJI0Y
En00718,E00461,C00027,2021-05-12,T0161,In Progress,2026-07-07 23:12:34.816646,LCK_20260707_231234_XAJI0Y
En00719,E00462,C00025,2022-05-02,T0012,In Progress,2026-07-07 23:12:34.816646,LCK_20260707_231234_XAJI0Y
En00720,E00463,C00025,2022-10-11,T0012,Cancelled,2026-07-07 23:12:34.816646,LCK_20260707_231234_XAJI0Y
En00721,E00463,C00028,2024-07-04,T0072,Cancelled,2026-07-07 23:12:34.816646,LCK_20260707_231234_XAJI0Y
En00722,E00463,C00027,2022-09-23,T0161,Cancelled,2026-07-07 23:12:34.816646,LCK_20260707_231234_XAJI0Y
En00723,E00464,C00028,2023-09-19,T0040,Cancelled,2026-07-07 23:12:34.816646,LCK_20260707_231234_XAJI0Y
En00724,E00465,C00014,2022-10-10,T0149,Completed,2026-07-07 23:12:34.816646,LCK_20260707_231234_XAJI0Y
En00725,E00466,C00031,2021-10-30,T0111,Completed,2026-07-07 23:12:34.816646,LCK_20260707_231234_XAJI0Y
En00726,E00467,C00026,2024-06-26,T0130,Enrolled,2026-07-07 23:12:34.816646,LCK_20260707_231234_XAJI0Y
En00727,E00468,C00025,2023-05-21,T0017,Completed,2026-07-07 23:12:34.816646,LCK_20260707_231234_XAJI0Y
En00728,E00468,C00043,2025-02-13,T0089,Cancelled,2026-07-07 23:12:34.816646,LCK_20260707_231234_XAJI0Y
En00729,E00469,C00042,2022-03-19,T0011,Completed,2026-07-07 23:12:34.816646,LCK_20260707_231234_XAJI0Y
En00730,E00469,C00012,2022-04-15,T0090,Completed,2026-07-07 23:12:34.816646,LCK_20260707_231234_XAJI0Y
En00731,E00469,C00032,2021-12-30,T0079,In Progress,2026-07-07 23:12:34.816646,LCK_20260707_231234_XAJI0Y
En00732,E00470,C00014,2022-01-15,T0149,Completed,2026-07-07 23:12:34.816646,LCK_20260707_231234_XAJI0Y
En00733,E00470,C00048,2026-04-24,T0096,Cancelled,2026-07-07 23:12:34.816646,LCK_20260707_231234_XAJI0Y
En00734,E00471,C00041,2024-07-29,T0173,Completed,2026-07-07 23:12:34.816646,LCK_20260707_231234_XAJI0Y
En00735,E00471,C00050,2021-01-14,T0094,Completed,2026-07-07 23:12:34.816646,LCK_20260707_231234_XAJI0Y
En00736,E00471,C00030,2024-02-25,T0169,Cancelled,2026-07-07 23:12:34.816646,LCK_20260707_231234_XAJI0Y
En00737,E00472,C00034,2022-12-29,T0105,Completed,2026-07-07 23:12:34.816646,LCK_20260707_231234_XAJI0Y
En00738,E00473,C00050,2021-05-22,T0094,Enrolled,2026-07-07 23:12:34.816646,LCK_20260707_231234_XAJI0Y
En00739,E00475,C00028,2023-11-13,T0072,Completed,2026-07-07 23:12:34.816646,LCK_20260707_231234_XAJI0Y
En00740,E00476,C00041,2024-04-23,T0173,Enrolled,2026-07-07 23:12:34.816646,LCK_20260707_231234_XAJI0Y
En00741,E00476,C00013,2026-06-11,T0156,Cancelled,2026-07-07 23:12:34.816646,LCK_20260707_231234_XAJI0Y
En00742,E00476,C00047,2025-11-30,T0140,Completed,2026-07-07 23:12:34.816646,LCK_20260707_231234_XAJI0Y
En00743,E00477,C00021,2024-04-18,T0030,Cancelled,2026-07-07 23:12:34.816646,LCK_20260707_231234_XAJI0Y
En00744,E00478,C00026,2024-02-23,T0106,In Progress,2026-07-07 23:12:34.816646,LCK_20260707_231234_XAJI0Y
En00745,E00478,C00038,2021-07-10,T0078,Cancelled,2026-07-07 23:12:34.816646,LCK_20260707_231234_XAJI0Y
En00746,E00479,C00007,2026-03-06,T0029,Completed,2026-07-07 23:12:34.816646,LCK_20260707_231234_XAJI0Y
En00747,E00479,C00046,2024-07-16,T0070,In Progress,2026-07-07 23:12:34.816646,LCK_20260707_231234_XAJI0Y
En00748,E00479,C00024,2022-11-18,T0107,Completed,2026-07-07 23:12:34.816646,LCK_20260707_231234_XAJI0Y
En00749,E00480,C00009,2021-10-05,T0001,Enrolled,2026-07-07 23:12:34.816646,LCK_20260707_231234_XAJI0Y
En00750,E00480,C00016,2020-10-08,T0191,Completed,2026-07-07 23:12:34.816646,LCK_20260707_231234_XAJI0Y
En00751,E00481,C00010,2025-06-23,T0000,Completed,2026-07-07 23:12:34.816646,LCK_20260707_231234_XAJI0Y
En00752,E00483,C00043,2025-05-29,T0100,In Progress,2026-07-07 23:12:34.816646,LCK_20260707_231234_XAJI0Y
En00753,E00483,C00008,2024-10-26,T0193,Completed,2026-07-07 23:12:34.816646,LCK_20260707_231234_XAJI0Y
En00754,E00484,C00015,2025-02-15,T0123,In Progress,2026-07-07 23:12:34.816646,LCK_20260707_231234_XAJI0Y
En00755,E00485,C00027,2021-08-06,T0158,Enrolled,2026-07-07 23:12:34.816646,LCK_20260707_231234_XAJI0Y
En00756,E00486,C00038,2024-09-03,T0117,Cancelled,2026-07-07 23:12:34.816646,LCK_20260707_231234_XAJI0Y
En00757,E00486,C00015,2026-05-19,T0027,In Progress,2026-07-07 23:12:34.816646,LCK_20260707_231234_XAJI0Y
En00758,E00487,C00026,2024-05-25,T0106,Completed,2026-07-07 23:12:34.816646,LCK_20260707_231234_XAJI0Y
En00759,E00487,C00007,2025-12-15,T0029,Cancelled,2026-07-07 23:12:34.816646,LCK_20260707_231234_XAJI0Y
En00760,E00488,C00047,2025-12-23,T0026,In Progress,2026-07-07 23:12:34.816646,LCK_20260707_231234_XAJI0Y
En00761,E00489,C00025,2023-09-13,T0142,Completed,2026-07-07 23:12:34.816646,LCK_20260707_231234_XAJI0Y
En00762,E00489,C00032,2022-06-21,T0007,Enrolled,2026-07-07 23:12:34.816646,LCK_20260707_231234_XAJI0Y
En00763,E00490,C00028,2024-06-03,T0018,Completed,2026-07-07 23:12:34.816646,LCK_20260707_231234_XAJI0Y
En00764,E00491,C00027,2021-04-05,T0161,Completed,2026-07-07 23:12:34.816646,LCK_20260707_231234_XAJI0Y
En00765,E00492,C00043,2025-06-17,T0074,In Progress,2026-07-07 23:12:34.816646,LCK_20260707_231234_XAJI0Y
En00766,E00492,C00022,2025-04-18,T0168,Completed,2026-07-07 23:12:34.816646,LCK_20260707_231234_XAJI0Y
En00767,E00492,C00030,2023-05-18,T0135,Enrolled,2026-07-07 23:12:34.816646,LCK_20260707_231234_XAJI0Y
En00768,E00493,C00017,2024-11-23,T0005,Completed,2026-07-07 23:12:34.816646,LCK_20260707_231234_XAJI0Y
En00769,E00494,C00028,2024-06-02,T0040,Enrolled,2026-07-07 23:12:34.816646,LCK_20260707_231234_XAJI0Y
En00770,E00494,C00027,2021-03-30,T0161,Completed,2026-07-07 23:12:34.816646,LCK_20260707_231234_XAJI0Y
En00771,E00495,C00017,2024-11-14,T0180,Cancelled,2026-07-07 23:12:34.816646,LCK_20260707_231234_XAJI0Y
En00772,E00495,C00001,2022-05-27,T0036,Enrolled,2026-07-07 23:12:34.816646,LCK_20260707_231234_XAJI0Y
En00773,E00495,C00018,2022-11-30,T0190,Enrolled,2026-07-07 23:12:34.816646,LCK_20260707_231234_XAJI0Y
En00774,E00496,C00033,2022-12-06,T0071,Cancelled,2026-07-07 23:12:34.816646,LCK_20260707_231234_XAJI0Y
En00775,E00496,C00044,2025-03-21,T0038,In Progress,2026-07-07 23:12:34.816646,LCK_20260707_231234_XAJI0Y
En00776,E00496,C00020,2023-09-20,T0113,Enrolled,2026-07-07 23:12:34.816646,LCK_20260707_231234_XAJI0Y
En00777,E00497,C00033,2023-05-12,T0131,In Progress,2026-07-07 23:12:34.816646,LCK_20260707_231234_XAJI0Y
En00778,E00497,C00010,2026-02-19,T0000,In Progress,2026-07-07 23:12:34.816646,LCK_20260707_231234_XAJI0Y
En00779,E00497,C00024,2022-09-05,T0091,Cancelled,2026-07-07 23:12:34.816646,LCK_20260707_231234_XAJI0Y
En00780,E00498,C00021,2024-02-27,T0030,Completed,2026-07-07 23:12:34.816646,LCK_20260707_231234_XAJI0Y
En00781,E00498,C00042,2022-10-22,T0034,Enrolled,2026-07-07 23:12:34.816646,LCK_20260707_231234_XAJI0Y
En00782,E00499,C00007,2026-01-03,T0029,Completed,2026-07-07 23:12:34.816646,LCK_20260707_231234_XAJI0Y
En00783,E00499,C00034,2022-10-27,T0105,In Progress,2026-07-07 23:12:34.816646,LCK_20260707_231234_XAJI0Y
En00784,E00500,C00028,2025-01-14,T0018,Enrolled,2026-07-07 23:12:34.816646,LCK_20260707_231234_XAJI0Y
