emp_id,first_nm,last_nm,email,DOB,Gender,ph_num,hire_date,primary_skill,dept_nm,designation,management_level,ingest_timestamp,load_key
E00001,Nathaniel,Taylor,jacobsuarez@example.net,5/17/1986,M,1235520394,9/19/2010,Programming - Python,Software_Development,Senior Manager,6,2026-06-23 11:40:57.865495,LCK_20260623_114057_XAJI0Y
E00002,Robert,Moore,diana95@example.net,2/9/1999,M,6526726187,11/7/2021,Server Admin - Linux,IT_Operations,Senior Manager,6,2026-06-23 11:40:57.865495,LCK_20260623_114057_XAJI0Y
E00003,Diana,Montoya,raymondjones@example.net,2/1/1966,F,5692789338,3/10/2015,Data_Analysis - R,Data_Analytics,Senior Manager,6,2026-06-23 11:40:57.865495,LCK_20260623_114057_XAJI0Y
E00004,Erin,Lopez,paul60@example.net,3/28/1962,F,6181730138,5/12/2016,Risk_Management,Cybersecurity,Senior Manager,6,2026-06-23 11:40:57.865495,LCK_20260623_114057_XAJI0Y
E00005,Anna,Hernandez,jill21@example.net,7/17/1988,M,1711799972,11/27/2024,Recruitment - Sourcing,Human_Resources,Senior Manager,6,2026-06-23 11:40:57.865495,LCK_20260623_114057_XAJI0Y
E00006,Terry,Williams,ievans@example.com,12/9/1975,M,137035034,6/16/2014,Budgeting_Forecasting,Finance_Accounting,Senior Manager,6,2026-06-23 11:40:57.865495,LCK_20260623_114057_XAJI0Y
E00007,Christopher,Proctor,nlopez@example.net,2/8/1978,M,7638912648,5/30/2013,Customer_Service - Email,Customer_Support,Senior Manager,6,2026-06-23 11:40:57.865495,LCK_20260623_114057_XAJI0Y
E00008,Sandra,Rodgers,emily60@example.com,5/28/1961,F,5714878909,3/29/2013,Agile - Scrum,Product_Management,Senior Manager,6,2026-06-23 11:40:57.865495,LCK_20260623_114057_XAJI0Y
E00009,Mary,Orr,lpalmer@example.com,6/20/1995,F,5343896259,6/7/2010,Tools - Selenium,Quality_Assurance,Senior Manager,6,2026-06-23 11:40:57.865495,LCK_20260623_114057_XAJI0Y
E00010,Zoe,Hendricks,sheltontimothy@example.org,10/25/1987,F,1144019594,10/14/2023,Digital_Marketing - SEO,Sales_Marketing,Senior Manager,6,2026-06-23 11:40:57.865495,LCK_20260623_114057_XAJI0Y
E00011,Maria,Gordon,ellisonkendra@example.org,3/31/1987,M,2561152902,6/4/2016,Campaign_Management,Sales_Marketing,Associate,11,2026-06-23 11:40:57.865495,LCK_20260623_114057_XAJI0Y
E00012,Robert,Brown,dilloncruz@example.org,9/4/1986,M,3474971183,8/28/2014,Bug_Tracking,Quality_Assurance,Tech Lead,9,2026-06-23 11:40:57.865495,LCK_20260623_114057_XAJI0Y
E00013,Kenneth,Hall,amandamoore@example.net,7/5/1989,M,6755789358,4/15/2020,Escalation_Management,Customer_Support,Associate,11,2026-06-23 11:40:57.865495,LCK_20260623_114057_XAJI0Y
E00014,James,Bolton,connerjennifer@example.org,5/10/1966,M,4255817532,1/25/2021,HRIS_Systems,Human_Resources,Manager,7,2026-06-23 11:40:57.865495,LCK_20260623_114057_XAJI0Y
E00015,Kathryn,Sanchez,greenjoseph@example.net,8/1/1969,F,815007428,4/29/2017,Version Control - Git,Software_Development,Manager,7,2026-06-23 11:40:57.865495,LCK_20260623_114057_XAJI0Y
E00016,Brandon,Walker,ghoffman@example.com,11/15/1992,M,9816452014,10/16/2013,Visualization - Tableau,Data_Analytics,HR,8,2026-06-23 11:40:57.865495,LCK_20260623_114057_XAJI0Y
E00017,Emily,Coleman,evanharris@example.org,2/17/1991,F,7977521298,2/15/2015,Agile - Scrum,Product_Management,Senior Associate,10,2026-06-23 11:40:57.865495,LCK_20260623_114057_XAJI0Y
E00018,Matthew,Davis,johnbecker@example.org,7/21/1989,M,5722193277,1/5/2016,Campaign_Management,Sales_Marketing,Associate,11,2026-06-23 11:40:57.865495,LCK_20260623_114057_XAJI0Y
E00019,Ann,Orozco,taustin@example.net,9/1/1976,F,2374465248,3/1/2021,Recruitment - Sourcing,Human_Resources,Associate,11,2026-06-23 11:40:57.865495,LCK_20260623_114057_XAJI0Y
E00020,Ann,Williams,wstewart@example.org,12/3/1967,F,4797089491,1/29/2015,Digital_Marketing - SEM,Sales_Marketing,Tech Lead,9,2026-06-23 11:40:57.865495,LCK_20260623_114057_XAJI0Y
E00021,Melissa,Allen,rebecca93@example.com,10/31/1973,F,2073335523,9/6/2024,Network Management,IT_Operations,Manager,7,2026-06-23 11:40:57.865495,LCK_20260623_114057_XAJI0Y
E00022,Amy,Fletcher,michellemcintyre@example.org,8/2/1976,F,1723671158,8/25/2017,Server Admin - Linux,IT_Operations,HR,8,2026-06-23 11:40:57.865495,LCK_20260623_114057_XAJI0Y
E00023,Zachary,Bailey,brownnathan@example.net,1/16/1974,M,7675122738,6/7/2022,Network Management,IT_Operations,HR,8,2026-06-23 11:40:57.865495,LCK_20260623_114057_XAJI0Y
E00024,Eric,Torres,rgates@example.net,4/28/1985,M,5145765620,6/17/2012,Version Control - Git,Software_Development,Senior Associate,10,2026-06-23 11:40:57.865495,LCK_20260623_114057_XAJI0Y
E00025,Christopher,Rose,fwilson@example.org,8/25/1995,M,7924689084,4/11/2019,Data_Analysis - R,Data_Analytics,Tech Lead,9,2026-06-23 11:40:57.865495,LCK_20260623_114057_XAJI0Y
E00026,Cesar,Gonzalez,vgarcia@example.com,12/3/1986,M,8244343876,5/9/2019,Server Admin - Linux,IT_Operations,Manager,7,2026-06-23 11:40:57.865495,LCK_20260623_114057_XAJI0Y
E00027,Amber,Thomas,cobbmelissa@example.org,10/1/1970,M,2035158768,3/3/2015,Programming - Java,Software_Development,Associate,11,2026-06-23 11:40:57.865495,LCK_20260623_114057_XAJI0Y
E00028,Robert,Jones,dward@example.com,10/8/1986,M,5496548281,6/2/2015,Requirement_Gathering,Product_Management,Tech Lead,9,2026-06-23 11:40:57.865495,LCK_20260623_114057_XAJI0Y
E00029,Tanya,Cooley,alan18@example.net,12/20/1993,M,4032047775,12/27/2022,Financial_Reporting,Finance_Accounting,Senior Associate,10,2026-06-23 11:40:57.865495,LCK_20260623_114057_XAJI0Y
E00030,Bryan,Lambert,kennedyshelby@example.com,9/22/1960,M,4594361195,5/29/2022,CRM - Zendesk,Customer_Support,HR,8,2026-06-23 11:40:57.865495,LCK_20260623_114057_XAJI0Y
E00031,Craig,Clark,fhill@example.net,4/8/1981,M,7826174864,7/5/2012,Campaign_Management,Sales_Marketing,Junior Associate,12,2026-06-23 11:40:57.865495,LCK_20260623_114057_XAJI0Y
E00032,Kayla,Reynolds,carrie54@example.org,3/17/1965,M,9283710900,12/20/2010,Ticketing_Systems,Customer_Support,Senior Associate,10,2026-06-23 11:40:57.865495,LCK_20260623_114057_XAJI0Y
E00033,Denise,Rice,russellroger@example.com,10/7/1984,F,3432516372,11/6/2015,CRM - Salesforce,Sales_Marketing,Senior Associate,10,2026-06-23 11:40:57.865495,LCK_20260623_114057_XAJI0Y
E00034,Melissa,Ball,loriberry@example.org,9/6/1990,F,869090879,12/14/2013,Accounting - Tally,Finance_Accounting,HR,8,2026-06-23 11:40:57.865495,LCK_20260623_114057_XAJI0Y
E00035,Penny,Avila,emily33@example.net,2/24/1982,M,3349007650,1/17/2016,Version Control - Git,Software_Development,Manager,7,2026-06-23 11:40:57.865495,LCK_20260623_114057_XAJI0Y
E00036,Sarah,Morgan,dguzman@example.org,11/21/1993,F,2034289063,2/9/2011,Agile - Scrum,Product_Management,Junior Associate,12,2026-06-23 11:40:57.865495,LCK_20260623_114057_XAJI0Y
E00037,Emily,Williams,matthew64@example.net,6/16/1976,M,770219582,11/14/2018,Programming - JavaScript,Software_Development,Associate,11,2026-06-23 11:40:57.865495,LCK_20260623_114057_XAJI0Y
E00038,Evan,Miller,anne08@example.net,12/5/1999,M,4977716554,12/25/2012,Customer_Service - Email,Customer_Support,Junior Associate,12,2026-06-23 11:40:57.865495,LCK_20260623_114057_XAJI0Y
E00039,Daniel,Brown,ublack@example.com,10/24/1977,M,64076272,8/6/2013,Risk_Management,Cybersecurity,Associate,11,2026-06-23 11:40:57.865495,LCK_20260623_114057_XAJI0Y
E00040,Bianca,Brown,gordonmatthew@example.com,10/5/1985,M,2784416296,3/28/2019,Security - Network,Cybersecurity,Senior Associate,10,2026-06-23 11:40:57.865495,LCK_20260623_114057_XAJI0Y
E00041,Lisa,Murphy,davidvaldez@example.org,3/9/1999,M,8565532388,8/10/2020,CRM - Salesforce,Sales_Marketing,Associate,11,2026-06-23 11:40:57.865495,LCK_20260623_114057_XAJI0Y
E00042,Laura,Davis,hectordavis@example.com,9/27/1992,M,1766414684,1/16/2012,Digital_Marketing - SEM,Sales_Marketing,Senior Associate,10,2026-06-23 11:40:57.865495,LCK_20260623_114057_XAJI0Y
E00043,Susan,Oliver,tammybartlett@example.net,5/6/1981,F,2130011980,1/20/2025,CRM - Zendesk,Customer_Support,Manager,7,2026-06-23 11:40:57.865495,LCK_20260623_114057_XAJI0Y
E00044,Tara,Miller,kimwells@example.com,3/8/1985,F,1606180095,6/19/2013,Visualization - Power_BI,Data_Analytics,Senior Associate,10,2026-06-23 11:40:57.865495,LCK_20260623_114057_XAJI0Y
E00045,Michael,Mann,jimmyballard@example.com,8/2/1993,M,3075863800,7/30/2020,Data_Analysis - Python,Data_Analytics,HR,8,2026-06-23 11:40:57.865495,LCK_20260623_114057_XAJI0Y
E00046,Dana,Thomas,stonejennifer@example.org,9/14/1971,F,7947420177,10/4/2013,Digital_Marketing - SEO,Sales_Marketing,HR,8,2026-06-23 11:40:57.865495,LCK_20260623_114057_XAJI0Y
E00047,Christopher,Crawford,kathleencole@example.com,10/2/1998,M,9567941462,4/11/2013,Programming - JavaScript,Software_Development,HR,8,2026-06-23 11:40:57.865495,LCK_20260623_114057_XAJI0Y
E00048,Shannon,Weiss,erichardson@example.com,5/5/1987,F,8316977352,12/23/2017,Recruitment - Sourcing,Human_Resources,Tech Lead,9,2026-06-23 11:40:57.865495,LCK_20260623_114057_XAJI0Y
E00049,Micheal,Patel,xrogers@example.com,9/23/1966,M,259088597,6/20/2017,Requirement_Gathering,Product_Management,Junior Associate,12,2026-06-23 11:40:57.865495,LCK_20260623_114057_XAJI0Y
E00050,Logan,Wilcox,casesarah@example.com,1/16/1996,M,9331991016,7/19/2022,Product_Roadmapping,Product_Management,Associate,11,2026-06-23 11:40:57.865495,LCK_20260623_114057_XAJI0Y
E00051,Nicole,Summers,xhughes@example.net,6/20/1983,F,8269954980,3/5/2019,Visualization - Tableau,Data_Analytics,Manager,7,2026-06-23 11:40:57.865495,LCK_20260623_114057_XAJI0Y
E00052,Melissa,Hamilton,davidoliver@example.org,8/26/1999,M,6097122000,8/1/2015,Digital_Marketing - SEO,Sales_Marketing,Junior Associate,12,2026-06-23 11:40:57.865495,LCK_20260623_114057_XAJI0Y
E00053,Christopher,Thornton,novakbrenda@example.com,12/25/1987,M,4216082744,9/1/2017,Bug_Tracking,Quality_Assurance,Associate,11,2026-06-23 11:40:57.865495,LCK_20260623_114057_XAJI0Y
E00054,Robert,Hanson,ykennedy@example.org,1/17/1963,M,5988846798,2/24/2024,Risk_Management,Cybersecurity,Manager,7,2026-06-23 11:40:57.865495,LCK_20260623_114057_XAJI0Y
E00055,Theodore,Duran,nataliefitzpatrick@example.com,6/22/1986,M,8619940562,7/22/2024,Programming - Python,Software_Development,Junior Associate,12,2026-06-23 11:40:57.865495,LCK_20260623_114057_XAJI0Y
E00056,Steven,Cardenas,xtate@example.org,6/16/1973,M,267198416,5/15/2021,Testing - Automation,Quality_Assurance,Associate,11,2026-06-23 11:40:57.865495,LCK_20260623_114057_XAJI0Y
E00057,Deanna,Hutchinson,zwatts@example.com,8/4/1977,F,1083322179,10/26/2018,Version Control - Git,Software_Development,Associate,11,2026-06-23 11:40:57.865495,LCK_20260623_114057_XAJI0Y
E00058,Amanda,Allen,montgomerycindy@example.org,1/10/1999,M,5628320632,6/16/2021,Bug_Tracking,Quality_Assurance,Junior Associate,12,2026-06-23 11:40:57.865495,LCK_20260623_114057_XAJI0Y
E00059,Nicholas,Olsen,vegabruce@example.net,10/8/1968,M,3303831813,5/8/2013,Product_Roadmapping,Product_Management,HR,8,2026-06-23 11:40:57.865495,LCK_20260623_114057_XAJI0Y
E00060,Christina,Butler,lopezstephanie@example.com,3/23/1983,F,4740488715,1/28/2016,Bug_Tracking,Quality_Assurance,Senior Associate,10,2026-06-23 11:40:57.865495,LCK_20260623_114057_XAJI0Y
E00061,Stephen,Bird,kclark@example.com,7/23/1981,M,2826504335,10/5/2024,Version Control - Git,Software_Development,Tech Lead,9,2026-06-23 11:40:57.865495,LCK_20260623_114057_XAJI0Y
E00062,Rhonda,Henderson,chasebrian@example.org,2/11/1971,F,9741744261,11/27/2015,Software Architecture,Software_Development,Manager,7,2026-06-23 11:40:57.865495,LCK_20260623_114057_XAJI0Y
E00063,Benjamin,Lewis,kruiz@example.org,1/16/1995,M,8579360613,5/31/2015,Competitive_Analysis,Product_Management,Associate,11,2026-06-23 11:40:57.865495,LCK_20260623_114057_XAJI0Y
E00064,Thomas,Carpenter,rodriguezkaren@example.net,8/1/1995,M,5454661025,8/27/2023,Customer_Service - Email,Customer_Support,HR,8,2026-06-23 11:40:57.865495,LCK_20260623_114057_XAJI0Y
E00065,Melissa,Robertson,ewoods@example.com,11/23/1990,F,3841748701,5/8/2024,Testing - Manual,Quality_Assurance,Tech Lead,9,2026-06-23 11:40:57.865495,LCK_20260623_114057_XAJI0Y
E00066,Ashley,Nolan,smason@example.com,8/24/1987,M,8999600589,7/22/2010,CRM - Salesforce,Sales_Marketing,Associate,11,2026-06-23 11:40:57.865495,LCK_20260623_114057_XAJI0Y
E00067,Shannon,Garcia,ztucker@example.com,2/10/1962,M,4913901899,11/11/2017,CRM - Salesforce,Sales_Marketing,HR,8,2026-06-23 11:40:57.865495,LCK_20260623_114057_XAJI0Y
E00068,Sabrina,May,veaton@example.org,4/5/1968,F,3605933785,11/30/2023,Risk_Management,Cybersecurity,Senior Associate,10,2026-06-23 11:40:57.865495,LCK_20260623_114057_XAJI0Y
E00069,Rachel,Morrow,bushtiffany@example.com,3/15/1979,F,3781286609,6/19/2022,Digital_Marketing - SEM,Sales_Marketing,Manager,7,2026-06-23 11:40:57.865495,LCK_20260623_114057_XAJI0Y
E00070,Becky,Moran,williamsthomas@example.org,10/26/1966,F,1639793648,3/19/2017,Escalation_Management,Customer_Support,Senior Associate,10,2026-06-23 11:40:57.865495,LCK_20260623_114057_XAJI0Y
E00071,Alyssa,Cooper,shepherdrebecca@example.com,7/17/1978,M,6662059451,4/29/2024,Accounting - Tally,Finance_Accounting,HR,8,2026-06-23 11:40:57.865495,LCK_20260623_114057_XAJI0Y
E00072,Kenneth,Henry,douglasclark@example.org,12/9/1967,M,8305518573,9/11/2018,Bug_Tracking,Quality_Assurance,Senior Associate,10,2026-06-23 11:40:57.865495,LCK_20260623_114057_XAJI0Y
E00073,Andrew,Sanders,johnmeyer@example.org,8/3/1990,M,8069651603,3/19/2012,Visualization - Tableau,Data_Analytics,Associate,11,2026-06-23 11:40:57.865495,LCK_20260623_114057_XAJI0Y
E00074,Kevin,Brooks,christopher52@example.com,6/3/1997,M,2326156719,1/10/2021,Version Control - Git,Software_Development,HR,8,2026-06-23 11:40:57.865495,LCK_20260623_114057_XAJI0Y
E00075,Matthew,Smith,wburke@example.org,1/6/1978,M,5665349378,5/5/2012,Campaign_Management,Sales_Marketing,Junior Associate,12,2026-06-23 11:40:57.865495,LCK_20260623_114057_XAJI0Y
E00076,Joseph,Fitzpatrick,freemanashley@example.org,1/27/1997,M,5556557392,2/8/2024,Agile - Scrum,Product_Management,Associate,11,2026-06-23 11:40:57.865495,LCK_20260623_114057_XAJI0Y
E00077,Nathan,Cordova,zcole@example.com,10/20/1991,M,3882633568,12/29/2020,Visualization - Tableau,Data_Analytics,HR,8,2026-06-23 11:40:57.865495,LCK_20260623_114057_XAJI0Y
E00078,Nathaniel,Brown,tdiaz@example.org,9/26/1981,M,5292709053,5/8/2016,Compliance - ISO27001,Cybersecurity,Junior Associate,12,2026-06-23 11:40:57.865495,LCK_20260623_114057_XAJI0Y
E00079,Ashley,Carpenter,margarethouse@example.org,5/17/1986,F,8274676605,2/21/2019,Recruitment - Sourcing,Human_Resources,Manager,7,2026-06-23 11:40:57.865495,LCK_20260623_114057_XAJI0Y
E00080,Rebecca,Harrison,lisahendrix@example.org,4/4/1994,F,1665914194,6/20/2017,Programming - Python,Software_Development,Manager,7,2026-06-23 11:40:57.865495,LCK_20260623_114057_XAJI0Y
E00081,Jennifer,Smith,kristin44@example.net,5/17/1975,F,4613438706,2/9/2015,Technical_Product_Knowledge,Sales_Marketing,Tech Lead,9,2026-06-23 11:40:57.865495,LCK_20260623_114057_XAJI0Y
E00082,John,Mendez,luis85@example.net,9/28/1971,M,4255634651,8/16/2024,Payroll_Management,Human_Resources,Tech Lead,9,2026-06-23 11:40:57.865495,LCK_20260623_114057_XAJI0Y
E00083,Denise,Acosta,terriwebb@example.net,6/12/1983,F,4329032726,5/7/2018,Bug_Tracking,Quality_Assurance,Junior Associate,12,2026-06-23 11:40:57.865495,LCK_20260623_114057_XAJI0Y
E00084,Patrick,Castro,thoward@example.net,3/3/1981,M,914670305,8/19/2023,Tools - Selenium,Quality_Assurance,Associate,11,2026-06-23 11:40:57.865495,LCK_20260623_114057_XAJI0Y
E00085,Joshua,Romero,hartcathy@example.org,3/16/1996,M,9134833146,4/11/2024,Programming - JavaScript,Software_Development,HR,8,2026-06-23 11:40:57.865495,LCK_20260623_114057_XAJI0Y
E00086,Kenneth,Gordon,jenniferbird@example.com,10/31/1982,M,8857788108,3/28/2024,Bug_Tracking,Quality_Assurance,Manager,7,2026-06-23 11:40:57.865495,LCK_20260623_114057_XAJI0Y
E00087,Crystal,Robinson,leebobby@example.org,7/15/1986,F,2863381984,8/23/2023,Security - Network,Cybersecurity,Tech Lead,9,2026-06-23 11:40:57.865495,LCK_20260623_114057_XAJI0Y
E00088,Michael,King,patriciajohnson@example.org,3/28/1986,M,8127940535,1/3/2016,Software Architecture,Software_Development,Junior Associate,12,2026-06-23 11:40:57.865495,LCK_20260623_114057_XAJI0Y
E00089,Laura,Lewis,tjones@example.com,1/9/1963,F,5952474025,4/9/2022,Data_Analysis - R,Data_Analytics,Junior Associate,12,2026-06-23 11:40:57.865495,LCK_20260623_114057_XAJI0Y
E00090,Cody,Nelson,lisastrong@example.net,9/3/1990,M,7351413424,4/15/2014,Customer_Service - Voice,Customer_Support,Associate,11,2026-06-23 11:40:57.865495,LCK_20260623_114057_XAJI0Y
E00091,Michael,Johnson,johncox@example.org,3/3/1973,M,7308899568,3/17/2017,Testing - Manual,Quality_Assurance,Tech Lead,9,2026-06-23 11:40:57.865495,LCK_20260623_114057_XAJI0Y
E00092,Jason,Castillo,ilewis@example.org,2/13/1975,M,1982985750,5/25/2019,Network Management,IT_Operations,Manager,7,2026-06-23 11:40:57.865495,LCK_20260623_114057_XAJI0Y
E00093,Zachary,Arroyo,chaneyjessica@example.org,8/6/1960,M,1596663962,12/15/2019,Digital_Marketing - SEO,Sales_Marketing,Senior Associate,10,2026-06-23 11:40:57.865495,LCK_20260623_114057_XAJI0Y
E00094,Lynn,Gonzalez,joelscott@example.org,1/2/1964,F,3758211463,2/9/2023,Programming - Python,Software_Development,Junior Associate,12,2026-06-23 11:40:57.865495,LCK_20260623_114057_XAJI0Y
E00095,Casey,Burgess,guerrerodavid@example.net,5/23/1966,M,7870356535,8/6/2014,Payroll_Management,Human_Resources,Associate,11,2026-06-23 11:40:57.865495,LCK_20260623_114057_XAJI0Y
E00096,Roy,Sanchez,browningmargaret@example.com,4/29/1968,M,7765683332,4/9/2018,Budgeting_Forecasting,Finance_Accounting,HR,8,2026-06-23 11:40:57.865495,LCK_20260623_114057_XAJI0Y
E00097,William,Hicks,melissa33@example.org,3/13/1987,M,8832020945,6/6/2021,Data_Analysis - R,Data_Analytics,Tech Lead,9,2026-06-23 11:40:57.865495,LCK_20260623_114057_XAJI0Y
E00098,Briana,Graves,martineztracy@example.net,4/5/1978,F,972368534,5/30/2017,Data_Analysis - Python,Data_Analytics,Senior Associate,10,2026-06-23 11:40:57.865495,LCK_20260623_114057_XAJI0Y
E00099,Justin,Molina,michelle45@example.com,9/24/1971,M,2537325685,5/4/2013,Programming - Java,Software_Development,Manager,7,2026-06-23 11:40:57.865495,LCK_20260623_114057_XAJI0Y
E00100,Robert,Anderson,jason83@example.net,11/16/1962,M,8888856245,1/8/2018,Recruitment - Interviewing,Human_Resources,Tech Lead,9,2026-06-23 11:40:57.865495,LCK_20260623_114057_XAJI0Y
E00101,Trevor,Mann,clarklisa@example.net,9/19/1964,M,1184827817,3/7/2024,Ticketing_Systems,Customer_Support,Junior Associate,12,2026-06-23 11:40:57.865495,LCK_20260623_114057_XAJI0Y
E00102,Keith,Martinez,christine77@example.net,7/3/1968,M,2882231514,4/5/2022,Competitive_Analysis,Product_Management,HR,8,2026-06-23 11:40:57.865495,LCK_20260623_114057_XAJI0Y
E00103,Justin,Frost,katherinegriffith@example.net,10/22/1967,M,3899821180,1/17/2018,Software Architecture,Software_Development,Junior Associate,12,2026-06-23 11:40:57.865495,LCK_20260623_114057_XAJI0Y
E00104,Kathy,Johnson,jesse83@example.org,8/8/1978,F,408529859,11/19/2015,Version Control - Git,Software_Development,Manager,7,2026-06-23 11:40:57.865495,LCK_20260623_114057_XAJI0Y
E00105,Jonathan,Garcia,jacksimpson@example.org,5/23/1973,M,5988847896,12/9/2018,Competitive_Analysis,Product_Management,HR,8,2026-06-23 11:40:57.865495,LCK_20260623_114057_XAJI0Y
E00106,Emily,Foley,robertwilliams@example.net,1/13/1995,F,2738847982,8/29/2013,Visualization - Tableau,Data_Analytics,Associate,11,2026-06-23 11:40:57.865495,LCK_20260623_114057_XAJI0Y
E00107,Adam,Patterson,hannadaniel@example.net,5/19/1966,M,3617012634,6/16/2015,Risk_Management,Cybersecurity,Manager,7,2026-06-23 11:40:57.865495,LCK_20260623_114057_XAJI0Y
E00108,Patrick,Walker,kennethcombs@example.org,8/12/1977,M,6867621089,4/12/2018,HRIS_Systems,Human_Resources,Associate,11,2026-06-23 11:40:57.865495,LCK_20260623_114057_XAJI0Y
E00109,Jeff,Johnson,juan03@example.com,5/28/1972,M,3355263528,9/23/2023,Cloud Platform - Azure,IT_Operations,Junior Associate,12,2026-06-23 11:40:57.865495,LCK_20260623_114057_XAJI0Y
E00110,Samuel,Ramos,alex64@example.com,3/30/1993,M,1227565561,8/17/2018,Customer_Service - Voice,Customer_Support,Senior Associate,10,2026-06-23 11:40:57.865495,LCK_20260623_114057_XAJI0Y
E00111,Erin,Frazier,manuelriggs@example.com,8/30/1965,F,1326755009,2/10/2013,Compliance - GAAP,Finance_Accounting,Senior Associate,10,2026-06-23 11:40:57.865495,LCK_20260623_114057_XAJI0Y
E00112,Jennifer,Montoya,elopez@example.com,9/8/1982,M,4082488557,6/11/2022,Version Control - Git,Software_Development,Tech Lead,9,2026-06-23 11:40:57.865495,LCK_20260623_114057_XAJI0Y
E00113,Jennifer,Medina,xholder@example.org,5/10/1980,M,2730561433,11/1/2023,Server Admin - Windows,IT_Operations,Tech Lead,9,2026-06-23 11:40:57.865495,LCK_20260623_114057_XAJI0Y
E00114,Breanna,Cooper,wagnerkeith@example.org,5/19/1978,F,7612510943,1/4/2024,Requirement_Gathering,Product_Management,HR,8,2026-06-23 11:40:57.865495,LCK_20260623_114057_XAJI0Y
E00115,Matthew,Valenzuela,isimmons@example.com,3/19/1978,M,3318745973,9/3/2024,Penetration_Testing,Cybersecurity,Tech Lead,9,2026-06-23 11:40:57.865495,LCK_20260623_114057_XAJI0Y
E00116,Jesse,Thomas,holmesdavid@example.net,9/25/1980,M,8815162301,10/12/2019,Budgeting_Forecasting,Finance_Accounting,Manager,7,2026-06-23 11:40:57.865495,LCK_20260623_114057_XAJI0Y
E00117,Jessica,Schmidt,cbrewer@example.org,2/2/1963,F,3481350198,9/25/2020,Agile - Scrum,Product_Management,Tech Lead,9,2026-06-23 11:40:57.865495,LCK_20260623_114057_XAJI0Y
E00118,Jeremy,Pennington,blackjanet@example.com,6/17/1969,M,418839527,12/23/2018,Software Architecture,Software_Development,Senior Associate,10,2026-06-23 11:40:57.865495,LCK_20260623_114057_XAJI0Y
E00119,Shannon,Lawrence,jcarter@example.net,1/15/1994,F,7657258425,11/13/2016,Testing - Automation,Quality_Assurance,HR,8,2026-06-23 11:40:57.865495,LCK_20260623_114057_XAJI0Y
E00120,Luis,Mason,owilliams@example.com,2/26/1987,M,8486702733,7/9/2021,Tools - JIRA,Quality_Assurance,Tech Lead,9,2026-06-23 11:40:57.865495,LCK_20260623_114057_XAJI0Y
E00121,Jessica,Garcia,mariawilliams@example.org,10/16/1982,F,3856907048,8/7/2014,Budgeting_Forecasting,Finance_Accounting,Tech Lead,9,2026-06-23 11:40:57.865495,LCK_20260623_114057_XAJI0Y
E00122,Jessica,Keller,chrisjordan@example.com,9/3/1991,F,6433868184,8/21/2010,Budgeting_Forecasting,Finance_Accounting,HR,8,2026-06-23 11:40:57.865495,LCK_20260623_114057_XAJI0Y
E00123,Kevin,Molina,vwright@example.net,7/16/1994,M,9172177407,7/20/2024,Escalation_Management,Customer_Support,Junior Associate,12,2026-06-23 11:40:57.865495,LCK_20260623_114057_XAJI0Y
E00124,Mark,Griffin,bushsheila@example.com,8/6/1989,M,7903633693,1/7/2013,Security - Network,Cybersecurity,Junior Associate,12,2026-06-23 11:40:57.865495,LCK_20260623_114057_XAJI0Y
E00125,Stefanie,Edwards,gcoleman@example.net,9/24/1997,F,5239070475,2/15/2018,Financial_Reporting,Finance_Accounting,Manager,7,2026-06-23 11:40:57.865495,LCK_20260623_114057_XAJI0Y
E00126,Karen,Nelson,donnaharper@example.com,10/8/1960,F,8461589914,3/19/2021,Programming - JavaScript,Software_Development,Junior Associate,12,2026-06-23 11:40:57.865495,LCK_20260623_114057_XAJI0Y
E00127,Mark,Stephenson,xdaugherty@example.com,4/30/1984,M,3802179742,5/9/2025,Security - Application,Cybersecurity,Junior Associate,12,2026-06-23 11:40:57.865495,LCK_20260623_114057_XAJI0Y
E00128,Jeremy,Dorsey,amber73@example.net,10/18/1977,M,2332287934,3/27/2016,Budgeting_Forecasting,Finance_Accounting,Senior Associate,10,2026-06-23 11:40:57.865495,LCK_20260623_114057_XAJI0Y
E00129,Amy,Martinez,nelsonnichole@example.net,2/19/1971,F,8381541760,7/17/2011,Data_Engineering - SQL,Data_Analytics,HR,8,2026-06-23 11:40:57.865495,LCK_20260623_114057_XAJI0Y
E00130,Sue,Ellison,quinndouglas@example.net,7/6/1973,M,8251352301,8/2/2023,Financial_Reporting,Finance_Accounting,Associate,11,2026-06-23 11:40:57.865495,LCK_20260623_114057_XAJI0Y
E00131,Veronica,Carney,jeffery95@example.net,2/23/1960,M,8958098229,8/27/2021,Network Management,IT_Operations,Junior Associate,12,2026-06-23 11:40:57.865495,LCK_20260623_114057_XAJI0Y
E00132,Andrea,Rojas,lstrong@example.net,2/24/1967,F,6235131921,2/10/2025,Recruitment - Interviewing,Human_Resources,Associate,11,2026-06-23 11:40:57.865495,LCK_20260623_114057_XAJI0Y
E00133,Michelle,Everett,sarah56@example.org,3/1/1978,M,4801156341,7/11/2013,Recruitment - Interviewing,Human_Resources,HR,8,2026-06-23 11:40:57.865495,LCK_20260623_114057_XAJI0Y
E00134,Megan,Ross,michelle98@example.net,10/26/1967,F,4229925560,11/27/2014,Campaign_Management,Sales_Marketing,HR,8,2026-06-23 11:40:57.865495,LCK_20260623_114057_XAJI0Y
E00135,Heather,Larsen,twallace@example.com,12/14/1965,M,9127808645,3/31/2023,Agile - Scrum,Product_Management,Senior Associate,10,2026-06-23 11:40:57.865495,LCK_20260623_114057_XAJI0Y
E00136,Francis,Ford,daniel28@example.com,1/21/1963,M,6793941351,2/2/2015,Data_Analysis - R,Data_Analytics,Junior Associate,12,2026-06-23 11:40:57.865495,LCK_20260623_114057_XAJI0Y
E00137,Amanda,Mcdowell,rmorales@example.org,11/23/1992,F,4761062104,8/14/2024,Compliance - GAAP,Finance_Accounting,Associate,11,2026-06-23 11:40:57.865495,LCK_20260623_114057_XAJI0Y
E00138,Kim,Price,tonybaker@example.net,10/20/1990,F,784434721,9/17/2023,HRIS_Systems,Human_Resources,Manager,7,2026-06-23 11:40:57.865495,LCK_20260623_114057_XAJI0Y
E00139,Christine,Schultz,andersoncarl@example.net,9/11/1987,M,8157267337,2/28/2020,Campaign_Management,Sales_Marketing,Manager,7,2026-06-23 11:40:57.865495,LCK_20260623_114057_XAJI0Y
E00140,Brenda,Harper,eddievargas@example.net,4/25/1974,F,5200674873,4/23/2014,Visualization - Tableau,Data_Analytics,Tech Lead,9,2026-06-23 11:40:57.865495,LCK_20260623_114057_XAJI0Y
E00141,Michael,Gray,hjacobs@example.net,12/5/1994,M,3602631464,7/10/2013,Financial_Reporting,Finance_Accounting,Senior Associate,10,2026-06-23 11:40:57.865495,LCK_20260623_114057_XAJI0Y
E00142,Ronald,Jimenez,scottcook@example.com,11/24/1992,M,2307460684,4/29/2017,Ticketing_Systems,Customer_Support,HR,8,2026-06-23 11:40:57.865495,LCK_20260623_114057_XAJI0Y
E00143,Stephanie,Garrett,jasonbrown@example.org,3/30/1968,F,8229196902,6/29/2010,Accounting - SAP_FICO,Finance_Accounting,Senior Associate,10,2026-06-23 11:40:57.865495,LCK_20260623_114057_XAJI0Y
E00144,Tracy,Cox,knightbrian@example.org,10/24/1978,M,8722239426,4/23/2013,Customer_Service - Voice,Customer_Support,HR,8,2026-06-23 11:40:57.865495,LCK_20260623_114057_XAJI0Y
E00145,Roger,Schmidt,williamsmichael@example.org,4/8/1973,M,6274065575,7/15/2013,Budgeting_Forecasting,Finance_Accounting,Senior Associate,10,2026-06-23 11:40:57.865495,LCK_20260623_114057_XAJI0Y
E00146,John,Elliott,andersonlaura@example.net,2/3/1977,M,893133026,5/27/2012,Customer_Service - Voice,Customer_Support,Junior Associate,12,2026-06-23 11:40:57.865495,LCK_20260623_114057_XAJI0Y
E00147,Julie,Martin,wmartin@example.net,7/15/1978,M,3151113429,3/20/2020,Accounting - Tally,Finance_Accounting,Junior Associate,12,2026-06-23 11:40:57.865495,LCK_20260623_114057_XAJI0Y
E00148,Eduardo,Burton,swansonwilliam@example.com,9/9/1985,M,4748977004,7/16/2024,Digital_Marketing - SEO,Sales_Marketing,Senior Associate,10,2026-06-23 11:40:57.865495,LCK_20260623_114057_XAJI0Y
E00149,Debra,Medina,tinamitchell@example.org,6/23/1960,M,9190998006,2/6/2022,Software Architecture,Software_Development,HR,8,2026-06-23 11:40:57.865495,LCK_20260623_114057_XAJI0Y
E00150,Anthony,Montoya,hmartinez@example.net,12/12/1979,M,2527143729,3/21/2022,Testing - Automation,Quality_Assurance,Tech Lead,9,2026-06-23 11:40:57.865495,LCK_20260623_114057_XAJI0Y
E00151,Kathryn,Castillo,murphyamber@example.com,2/27/1982,F,7857547131,3/13/2021,Network Management,IT_Operations,Manager,7,2026-06-23 11:40:57.865495,LCK_20260623_114057_XAJI0Y
E00152,Brett,Porter,hansonrebecca@example.org,3/31/1973,M,129555534,6/17/2017,Security - Application,Cybersecurity,Manager,7,2026-06-23 11:40:57.865495,LCK_20260623_114057_XAJI0Y
E00153,Micheal,Hill,chadfrazier@example.net,4/21/1994,M,5846847324,3/29/2013,Testing - Automation,Quality_Assurance,Tech Lead,9,2026-06-23 11:40:57.865495,LCK_20260623_114057_XAJI0Y
E00154,Phillip,Briggs,garzaaaron@example.net,10/22/1961,M,987611831,12/18/2022,Compliance - GAAP,Finance_Accounting,Tech Lead,9,2026-06-23 11:40:57.865495,LCK_20260623_114057_XAJI0Y
E00155,Bryan,Perez,cstokes@example.net,1/15/1978,M,978067565,5/10/2014,Network Management,IT_Operations,Associate,11,2026-06-23 11:40:57.865495,LCK_20260623_114057_XAJI0Y
E00156,Robert,Johnson,lauren39@example.org,6/25/1965,M,6327067997,11/10/2020,Agile - Scrum,Product_Management,HR,8,2026-06-23 11:40:57.865495,LCK_20260623_114057_XAJI0Y
E00157,Joanne,Weber,walterwhitaker@example.com,5/25/1972,F,7043442964,8/5/2018,Programming - Python,Software_Development,HR,8,2026-06-23 11:40:57.865495,LCK_20260623_114057_XAJI0Y
E00158,Mary,Walker,uking@example.net,1/6/1967,F,5416570518,5/8/2025,Agile - Scrum,Product_Management,Manager,7,2026-06-23 11:40:57.865495,LCK_20260623_114057_XAJI0Y
E00159,Zachary,Andrews,along@example.org,5/8/1968,M,5266301936,9/20/2011,Testing - Manual,Quality_Assurance,Senior Associate,10,2026-06-23 11:40:57.865495,LCK_20260623_114057_XAJI0Y
E00160,Richard,Robbins,markbell@example.org,5/20/1980,M,1689058299,2/28/2014,Employee_Engagement,Human_Resources,Tech Lead,9,2026-06-23 11:40:57.865495,LCK_20260623_114057_XAJI0Y
E00161,Charles,Smith,kpaul@example.com,12/30/1994,M,9927185977,5/16/2013,Software Architecture,Software_Development,HR,8,2026-06-23 11:40:57.865495,LCK_20260623_114057_XAJI0Y
E00162,Felicia,Powell,allenfisher@example.org,2/15/1989,F,2617101275,9/27/2010,Customer_Service - Email,Customer_Support,Tech Lead,9,2026-06-23 11:40:57.865495,LCK_20260623_114057_XAJI0Y
E00163,Richard,Cameron,raymondmichele@example.org,4/7/1993,M,3240943135,3/26/2016,Digital_Marketing - SEM,Sales_Marketing,Associate,11,2026-06-23 11:40:57.865495,LCK_20260623_114057_XAJI0Y
E00164,Rebecca,Perez,sean21@example.net,1/7/1996,F,4525344483,3/5/2019,Server Admin - Windows,IT_Operations,Associate,11,2026-06-23 11:40:57.865495,LCK_20260623_114057_XAJI0Y
E00165,Emily,Frazier,schroederaustin@example.org,8/4/1999,F,9869377837,6/28/2013,Payroll_Management,Human_Resources,Associate,11,2026-06-23 11:40:57.865495,LCK_20260623_114057_XAJI0Y
E00166,Emily,Bright,cristianmorse@example.org,10/10/1997,F,9861594924,2/14/2022,Visualization - Tableau,Data_Analytics,Associate,11,2026-06-23 11:40:57.865495,LCK_20260623_114057_XAJI0Y
E00167,Jacob,Anderson,yjohnston@example.net,11/6/1993,M,841434532,2/5/2025,Risk_Management,Cybersecurity,Manager,7,2026-06-23 11:40:57.865495,LCK_20260623_114057_XAJI0Y
E00168,Matthew,Spencer,marilyn75@example.net,12/4/1991,M,8520753210,1/22/2013,Tools - Selenium,Quality_Assurance,Junior Associate,12,2026-06-23 11:40:57.865495,LCK_20260623_114057_XAJI0Y
E00169,Gloria,Francis,jameswood@example.org,11/29/1971,F,3303395065,3/7/2013,Compliance - ISO27001,Cybersecurity,Junior Associate,12,2026-06-23 11:40:57.865495,LCK_20260623_114057_XAJI0Y
E00170,Brian,Martin,frank01@example.net,4/7/1977,M,2465312377,8/14/2011,Digital_Marketing - SEM,Sales_Marketing,Associate,11,2026-06-23 11:40:57.865495,LCK_20260623_114057_XAJI0Y
E00171,Emily,Owen,murphypatrick@example.net,6/1/1966,F,5608537728,12/11/2021,Version Control - Git,Software_Development,Senior Associate,10,2026-06-23 11:40:57.865495,LCK_20260623_114057_XAJI0Y
E00172,Alexandria,Porter,michael87@example.net,9/26/1973,M,3601105379,6/23/2015,Visualization - Power_BI,Data_Analytics,Associate,11,2026-06-23 11:40:57.865495,LCK_20260623_114057_XAJI0Y
E00173,Joseph,Richardson,kristin38@example.net,12/7/1962,M,7168701466,5/12/2025,Ticketing_Systems,Customer_Support,HR,8,2026-06-23 11:40:57.865495,LCK_20260623_114057_XAJI0Y
E00174,Christina,Cole,eric54@example.org,4/17/1970,F,5331806796,8/3/2021,Compliance - GAAP,Finance_Accounting,Junior Associate,12,2026-06-23 11:40:57.865495,LCK_20260623_114057_XAJI0Y
E00175,Jason,Mclean,mhamilton@example.org,1/14/1983,M,8282957909,8/23/2022,Data_Engineering - SQL,Data_Analytics,HR,8,2026-06-23 11:40:57.865495,LCK_20260623_114057_XAJI0Y
E00176,William,Randolph,bjones@example.org,9/12/1960,M,6038034075,1/12/2024,Campaign_Management,Sales_Marketing,Manager,7,2026-06-23 11:40:57.865495,LCK_20260623_114057_XAJI0Y
E00177,Jessica,Hood,annawheeler@example.com,7/16/1962,F,9141883701,8/4/2014,Visualization - Tableau,Data_Analytics,HR,8,2026-06-23 11:40:57.865495,LCK_20260623_114057_XAJI0Y
E00178,Douglas,Brady,tammy84@example.com,12/5/1994,M,5074574069,3/8/2012,Accounting - Tally,Finance_Accounting,Junior Associate,12,2026-06-23 11:40:57.865495,LCK_20260623_114057_XAJI0Y
E00179,Michael,Rodriguez,kdiaz@example.com,9/6/1993,M,2888252822,9/6/2022,Employee_Engagement,Human_Resources,Associate,11,2026-06-23 11:40:57.865495,LCK_20260623_114057_XAJI0Y
E00180,Kevin,Potter,halllinda@example.org,3/26/1996,M,4355669506,6/30/2013,Budgeting_Forecasting,Finance_Accounting,Associate,11,2026-06-23 11:40:57.865495,LCK_20260623_114057_XAJI0Y
E00181,Claire,Peterson,thomashill@example.org,2/9/1983,M,1118201641,9/11/2016,Visualization - Power_BI,Data_Analytics,Associate,11,2026-06-23 11:40:57.865495,LCK_20260623_114057_XAJI0Y
E00182,Mason,Guerra,glennhooper@example.net,4/1/1986,M,2132401658,5/8/2012,Security - Application,Cybersecurity,Senior Associate,10,2026-06-23 11:40:57.865495,LCK_20260623_114057_XAJI0Y
E00183,William,Johnson,pstrong@example.com,4/22/1971,M,7315349820,2/13/2011,Programming - JavaScript,Software_Development,Tech Lead,9,2026-06-23 11:40:57.865495,LCK_20260623_114057_XAJI0Y
E00184,Latasha,Wheeler,heidi06@example.net,11/17/1994,F,5301029160,4/1/2023,Programming - JavaScript,Software_Development,Associate,11,2026-06-23 11:40:57.865495,LCK_20260623_114057_XAJI0Y
E00185,Larry,Nguyen,comptonmiranda@example.net,5/6/1963,M,8624823449,4/14/2016,Budgeting_Forecasting,Finance_Accounting,Manager,7,2026-06-23 11:40:57.865495,LCK_20260623_114057_XAJI0Y
E00186,Danielle,Rivas,bjohnson@example.net,7/26/1996,M,3810185479,4/8/2016,Software Architecture,Software_Development,Junior Associate,12,2026-06-23 11:40:57.865495,LCK_20260623_114057_XAJI0Y
E00187,Brittany,Matthews,karenlawson@example.com,10/8/1984,F,2008692442,11/25/2011,HRIS_Systems,Human_Resources,Tech Lead,9,2026-06-23 11:40:57.865495,LCK_20260623_114057_XAJI0Y
E00188,Philip,Baker,xmendoza@example.net,10/6/1979,M,7911832036,8/2/2022,Programming - JavaScript,Software_Development,Junior Associate,12,2026-06-23 11:40:57.865495,LCK_20260623_114057_XAJI0Y
E00189,Crystal,Perez,derek68@example.org,2/18/1974,F,5558721338,11/28/2013,Server Admin - Windows,IT_Operations,Tech Lead,9,2026-06-23 11:40:57.865495,LCK_20260623_114057_XAJI0Y
E00190,Antonio,Harris,ebest@example.com,7/25/1986,M,8444130006,4/24/2022,Bug_Tracking,Quality_Assurance,HR,8,2026-06-23 11:40:57.865495,LCK_20260623_114057_XAJI0Y
E00191,Justin,Duncan,yolandakelly@example.com,4/3/1999,M,8204467580,10/19/2022,Testing - Manual,Quality_Assurance,Tech Lead,9,2026-06-23 11:40:57.865495,LCK_20260623_114057_XAJI0Y
E00192,April,Willis,ericksonamanda@example.org,2/2/1991,F,1400223397,10/5/2017,Financial_Reporting,Finance_Accounting,Tech Lead,9,2026-06-23 11:40:57.865495,LCK_20260623_114057_XAJI0Y
E00193,Nicholas,Chang,cummingsjeremy@example.net,9/30/1962,M,2497739248,3/9/2025,Employee_Engagement,Human_Resources,Tech Lead,9,2026-06-23 11:40:57.865495,LCK_20260623_114057_XAJI0Y
E00194,Kristina,Bradley,kpowers@example.com,12/25/1970,M,5837102051,10/20/2017,Accounting - SAP_FICO,Finance_Accounting,Tech Lead,9,2026-06-23 11:40:57.865495,LCK_20260623_114057_XAJI0Y
E00195,Matthew,Davis,pambrowning@example.net,10/2/1983,M,7943779510,6/3/2014,Server Admin - Linux,IT_Operations,Junior Associate,12,2026-06-23 11:40:57.865495,LCK_20260623_114057_XAJI0Y
E00196,Aaron,Barker,tracyskinner@example.com,8/8/1981,M,4333983715,11/29/2016,Server Admin - Windows,IT_Operations,HR,8,2026-06-23 11:40:57.865495,LCK_20260623_114057_XAJI0Y
E00197,Janice,White,andersonjoshua@example.net,7/8/1967,F,2893399562,12/6/2011,Campaign_Management,Sales_Marketing,Associate,11,2026-06-23 11:40:57.865495,LCK_20260623_114057_XAJI0Y
E00198,Robert,Figueroa,mark61@example.org,5/10/1960,M,3001853451,5/23/2013,Testing - Automation,Quality_Assurance,Tech Lead,9,2026-06-23 11:40:57.865495,LCK_20260623_114057_XAJI0Y
E00199,Allison,Stanley,oevans@example.com,7/21/1968,M,5912474417,2/24/2019,Visualization - Tableau,Data_Analytics,Junior Associate,12,2026-06-23 11:40:57.865495,LCK_20260623_114057_XAJI0Y
E00200,Timothy,Mcconnell,danielle26@example.org,4/1/1963,M,3207244861,6/14/2014,Digital_Marketing - SEM,Sales_Marketing,HR,8,2026-06-23 11:40:57.865495,LCK_20260623_114057_XAJI0Y
E00201,Dave,Martinez,david93@example.org,9/26/1969,M,3964650446,7/25/2013,Software Architecture,Software_Development,Tech Lead,9,2026-06-23 11:40:57.865495,LCK_20260623_114057_XAJI0Y
E00202,Sandra,Hayes,nathan73@example.net,1/10/1995,M,1225348881,8/30/2018,Tools - Selenium,Quality_Assurance,Tech Lead,9,2026-06-23 11:40:57.865495,LCK_20260623_114057_XAJI0Y
E00203,Jeffrey,Kline,zwilliams@example.com,6/24/1985,M,4090669346,9/17/2014,Testing - Automation,Quality_Assurance,Tech Lead,9,2026-06-23 11:40:57.865495,LCK_20260623_114057_XAJI0Y
E00204,Daniel,Parker,benjamin71@example.org,9/7/1988,M,753443935,2/1/2023,Campaign_Management,Sales_Marketing,Tech Lead,9,2026-06-23 11:40:57.865495,LCK_20260623_114057_XAJI0Y
E00205,William,Terry,maxwellangela@example.org,12/27/1987,M,357747937,11/10/2011,Customer_Service - Email,Customer_Support,Senior Associate,10,2026-06-23 11:40:57.865495,LCK_20260623_114057_XAJI0Y
E00206,Alfred,Potter,masonphillip@example.net,7/13/1977,M,183177418,8/4/2014,Technical_Product_Knowledge,Sales_Marketing,Associate,11,2026-06-23 11:40:57.865495,LCK_20260623_114057_XAJI0Y
E00207,Mark,Hawkins,rachelrodriguez@example.com,7/4/1977,M,2041587323,2/1/2018,Testing - Manual,Quality_Assurance,HR,8,2026-06-23 11:40:57.865495,LCK_20260623_114057_XAJI0Y
E00208,Danielle,Miller,april98@example.com,5/15/1969,M,5900380934,7/29/2019,Data_Engineering - SQL,Data_Analytics,Associate,11,2026-06-23 11:40:57.865495,LCK_20260623_114057_XAJI0Y
E00209,Bryan,Schultz,vwood@example.net,5/28/1996,M,5835857998,7/9/2012,Financial_Reporting,Finance_Accounting,Junior Associate,12,2026-06-23 11:40:57.865495,LCK_20260623_114057_XAJI0Y
E00210,William,Baker,vboyd@example.com,9/18/1984,M,848097442,2/22/2021,Visualization - Power_BI,Data_Analytics,HR,8,2026-06-23 11:40:57.865495,LCK_20260623_114057_XAJI0Y
E00211,Raymond,Norris,murrayjennifer@example.org,2/13/1997,M,3243151818,7/17/2018,CRM - Salesforce,Sales_Marketing,HR,8,2026-06-23 11:40:57.865495,LCK_20260623_114057_XAJI0Y
E00212,Dwayne,Cameron,lpatel@example.com,9/26/1960,M,9943083675,2/22/2022,Data_Analysis - Python,Data_Analytics,Manager,7,2026-06-23 11:40:57.865495,LCK_20260623_114057_XAJI0Y
E00213,Blake,Adams,terrytrevino@example.org,10/2/1990,M,7642367214,7/18/2010,Server Admin - Windows,IT_Operations,Tech Lead,9,2026-06-23 11:40:57.865495,LCK_20260623_114057_XAJI0Y
E00214,Jennifer,Grant,gmontgomery@example.net,4/20/1992,F,3713180798,9/27/2010,HRIS_Systems,Human_Resources,Tech Lead,9,2026-06-23 11:40:57.865495,LCK_20260623_114057_XAJI0Y
E00215,Antonio,Castillo,stacey85@example.com,6/12/1980,M,8792674192,7/21/2017,Payroll_Management,Human_Resources,Senior Associate,10,2026-06-23 11:40:57.865495,LCK_20260623_114057_XAJI0Y
E00216,Richard,Hunter,dixonsusan@example.com,12/19/1996,M,1411103708,5/18/2019,Visualization - Tableau,Data_Analytics,Manager,7,2026-06-23 11:40:57.865495,LCK_20260623_114057_XAJI0Y
E00217,Jay,Stark,allenrobin@example.com,7/17/1973,M,9218006379,2/26/2021,Risk_Management,Cybersecurity,Manager,7,2026-06-23 11:40:57.865495,LCK_20260623_114057_XAJI0Y
E00218,Mike,Sanchez,pamela78@example.com,11/11/1982,M,5685306661,6/30/2014,Visualization - Tableau,Data_Analytics,HR,8,2026-06-23 11:40:57.865495,LCK_20260623_114057_XAJI0Y
E00219,Debra,Mcdonald,michaelwilliams@example.net,2/4/1975,M,9068999296,5/8/2024,Ticketing_Systems,Customer_Support,Junior Associate,12,2026-06-23 11:40:57.865495,LCK_20260623_114057_XAJI0Y
E00220,Danielle,Williams,sheila40@example.net,9/16/1968,F,2429173354,7/25/2021,CRM - Salesforce,Sales_Marketing,HR,8,2026-06-23 11:40:57.865495,LCK_20260623_114057_XAJI0Y
E00221,Michael,Blackburn,natalieandrews@example.com,12/9/1973,M,4524992284,6/15/2023,CRM - Salesforce,Sales_Marketing,Junior Associate,12,2026-06-23 11:40:57.865495,LCK_20260623_114057_XAJI0Y
E00222,Glenn,Morris,morenomichelle@example.org,11/30/1992,M,1358560217,4/8/2015,Stakeholder_Management,Product_Management,Tech Lead,9,2026-06-23 11:40:57.865495,LCK_20260623_114057_XAJI0Y
E00223,Christina,Stone,kingjustin@example.org,8/29/1993,M,9082768275,1/29/2017,Recruitment - Interviewing,Human_Resources,Associate,11,2026-06-23 11:40:57.865495,LCK_20260623_114057_XAJI0Y
E00224,Andre,Pineda,trevorbryant@example.com,6/19/1984,M,1543371741,5/12/2017,Data_Engineering - SQL,Data_Analytics,Associate,11,2026-06-23 11:40:57.865495,LCK_20260623_114057_XAJI0Y
E00225,Colleen,Rivera,ufreeman@example.com,7/30/1989,F,9220179608,12/20/2020,Penetration_Testing,Cybersecurity,Junior Associate,12,2026-06-23 11:40:57.865495,LCK_20260623_114057_XAJI0Y
E00226,Lisa,Patrick,yreed@example.com,1/20/1991,M,4462500620,10/24/2014,Escalation_Management,Customer_Support,Senior Associate,10,2026-06-23 11:40:57.865495,LCK_20260623_114057_XAJI0Y
E00227,Antonio,George,thomasdavid@example.net,6/14/1995,M,4963876279,5/26/2023,Data_Engineering - SQL,Data_Analytics,HR,8,2026-06-23 11:40:57.865495,LCK_20260623_114057_XAJI0Y
E00228,Sydney,Santos,hunter11@example.net,11/2/1972,F,340489363,6/19/2016,Tools - Selenium,Quality_Assurance,Junior Associate,12,2026-06-23 11:40:57.865495,LCK_20260623_114057_XAJI0Y
E00229,Erik,Miller,josejohnson@example.com,9/27/1978,M,7307285451,7/22/2021,Digital_Marketing - SEM,Sales_Marketing,HR,8,2026-06-23 11:40:57.865495,LCK_20260623_114057_XAJI0Y
E00230,Jessica,Hardy,kjohnson@example.com,2/12/1981,M,8156357304,10/18/2018,Bug_Tracking,Quality_Assurance,Tech Lead,9,2026-06-23 11:40:57.865495,LCK_20260623_114057_XAJI0Y
E00231,Rachel,Gonzalez,vmccoy@example.net,3/10/1995,M,9088727945,10/2/2013,Agile - Scrum,Product_Management,HR,8,2026-06-23 11:40:57.865495,LCK_20260623_114057_XAJI0Y
E00232,Richard,Quinn,cking@example.net,12/10/1991,M,9508610252,6/12/2012,Agile - Scrum,Product_Management,Manager,7,2026-06-23 11:40:57.865495,LCK_20260623_114057_XAJI0Y
E00233,Michelle,Tapia,leonardgibbs@example.com,3/2/1996,F,3740190092,7/17/2015,Escalation_Management,Customer_Support,Associate,11,2026-06-23 11:40:57.865495,LCK_20260623_114057_XAJI0Y
E00234,Travis,Hurst,brownmelissa@example.com,10/24/1967,M,4240356375,5/31/2010,Security - Network,Cybersecurity,HR,8,2026-06-23 11:40:57.865495,LCK_20260623_114057_XAJI0Y
E00235,Ryan,Campbell,wilsonchristopher@example.com,4/4/1989,M,9185036262,1/21/2014,Risk_Management,Cybersecurity,Tech Lead,9,2026-06-23 11:40:57.865495,LCK_20260623_114057_XAJI0Y
E00236,David,Davis,michelleshah@example.net,5/16/1991,M,651514808,10/24/2024,Technical_Product_Knowledge,Sales_Marketing,Senior Associate,10,2026-06-23 11:40:57.865495,LCK_20260623_114057_XAJI0Y
E00237,Emily,Gutierrez,jenniferwillis@example.com,7/14/1996,F,6845361909,2/2/2020,Financial_Reporting,Finance_Accounting,Tech Lead,9,2026-06-23 11:40:57.865495,LCK_20260623_114057_XAJI0Y
E00238,William,Weber,osbornecolton@example.com,7/6/1960,M,8376797322,7/12/2019,Testing - Automation,Quality_Assurance,HR,8,2026-06-23 11:40:57.865495,LCK_20260623_114057_XAJI0Y
E00239,Karen,Pittman,zgomez@example.org,2/5/1991,M,7605203978,6/20/2020,Employee_Engagement,Human_Resources,Manager,7,2026-06-23 11:40:57.865495,LCK_20260623_114057_XAJI0Y
E00240,Kristi,Brown,ruizanthony@example.com,5/27/1979,M,7051058835,1/19/2015,Server Admin - Windows,IT_Operations,Tech Lead,9,2026-06-23 11:40:57.865495,LCK_20260623_114057_XAJI0Y
E00241,Jordan,Gaines,marshallkeith@example.net,3/6/1964,M,5715553384,11/26/2021,Server Admin - Linux,IT_Operations,Senior Associate,10,2026-06-23 11:40:57.865495,LCK_20260623_114057_XAJI0Y
E00242,Stephanie,Oneill,wilsonamber@example.org,8/24/1994,F,7130517827,4/5/2025,Recruitment - Interviewing,Human_Resources,Junior Associate,12,2026-06-23 11:40:57.865495,LCK_20260623_114057_XAJI0Y
E00243,Cindy,Foster,nwebster@example.com,1/10/1970,F,6157893621,9/21/2013,Ticketing_Systems,Customer_Support,Junior Associate,12,2026-06-23 11:40:57.865495,LCK_20260623_114057_XAJI0Y
E00244,Rodney,Stanley,tjohnson@example.net,12/16/1997,M,5366290866,6/23/2018,CRM - Salesforce,Sales_Marketing,Senior Associate,10,2026-06-23 11:40:57.865495,LCK_20260623_114057_XAJI0Y
E00245,Priscilla,Delacruz,patricia04@example.org,4/9/1969,F,2054469863,11/16/2023,Requirement_Gathering,Product_Management,Associate,11,2026-06-23 11:40:57.865495,LCK_20260623_114057_XAJI0Y
E00246,Lisa,Caldwell,garnerrachel@example.com,12/9/1973,F,7760999348,7/20/2011,Programming - JavaScript,Software_Development,Senior Associate,10,2026-06-23 11:40:57.865495,LCK_20260623_114057_XAJI0Y
E00247,Jenna,Lee,michaelwilliams@example.net,12/18/1973,F,2910112317,1/5/2010,Cloud Platform - AWS,IT_Operations,HR,8,2026-06-23 11:40:57.865495,LCK_20260623_114057_XAJI0Y
E00248,Cynthia,Keller,yorkmark@example.net,10/20/1964,M,2288100569,7/21/2019,Software Architecture,Software_Development,Tech Lead,9,2026-06-23 11:40:57.865495,LCK_20260623_114057_XAJI0Y
E00249,Brenda,Cochran,jamesmcpherson@example.com,12/30/1993,F,9877343615,3/6/2013,Financial_Reporting,Finance_Accounting,Junior Associate,12,2026-06-23 11:40:57.865495,LCK_20260623_114057_XAJI0Y
E00250,Melissa,Massey,burchmichael@example.org,4/15/1960,F,1949710478,12/19/2012,Software Architecture,Software_Development,HR,8,2026-06-23 11:40:57.865495,LCK_20260623_114057_XAJI0Y
E00251,Christopher,Jones,cserrano@example.com,11/1/1982,M,1776459991,11/14/2012,Requirement_Gathering,Product_Management,Associate,11,2026-06-23 11:40:57.865495,LCK_20260623_114057_XAJI0Y
E00252,Joseph,Lara,martinrebecca@example.net,2/25/1994,M,5726039588,10/1/2015,Testing - Automation,Quality_Assurance,Tech Lead,9,2026-06-23 11:40:57.865495,LCK_20260623_114057_XAJI0Y
E00253,Lee,Gibbs,jamesponce@example.com,5/27/1972,M,2496018472,2/26/2020,Security - Application,Cybersecurity,Junior Associate,12,2026-06-23 11:40:57.865495,LCK_20260623_114057_XAJI0Y
E00254,Robert,Taylor,mayerlance@example.net,3/22/1976,M,2367404003,7/14/2022,Compliance - GAAP,Finance_Accounting,Associate,11,2026-06-23 11:40:57.865495,LCK_20260623_114057_XAJI0Y
E00255,Destiny,Phillips,dixonjason@example.com,12/5/1969,F,355469422,3/11/2025,Programming - Python,Software_Development,Tech Lead,9,2026-06-23 11:40:57.865495,LCK_20260623_114057_XAJI0Y
E00256,Jordan,Huerta,moranmichelle@example.net,4/28/1993,M,7913317485,9/24/2021,Cloud Platform - Azure,IT_Operations,Junior Associate,12,2026-06-23 11:40:57.865495,LCK_20260623_114057_XAJI0Y
E00257,Matthew,Cannon,fkelly@example.net,7/29/1974,M,2203450702,5/14/2017,Network Management,IT_Operations,Junior Associate,12,2026-06-23 11:40:57.865495,LCK_20260623_114057_XAJI0Y
E00258,Regina,Jenkins,opoole@example.org,11/2/1961,M,406360591,5/4/2023,Network Management,IT_Operations,HR,8,2026-06-23 11:40:57.865495,LCK_20260623_114057_XAJI0Y
E00259,Diane,Roberts,cshaw@example.com,1/7/1980,F,8238338666,5/4/2013,Payroll_Management,Human_Resources,Associate,11,2026-06-23 11:40:57.865495,LCK_20260623_114057_XAJI0Y
E00260,Mark,Dean,justinflynn@example.com,5/12/1994,M,8054835151,7/1/2019,Compliance - GAAP,Finance_Accounting,Associate,11,2026-06-23 11:40:57.865495,LCK_20260623_114057_XAJI0Y
E00261,Tanya,Adams,ilee@example.org,12/29/1964,M,3219526997,12/3/2018,Compliance - ISO27001,Cybersecurity,Junior Associate,12,2026-06-23 11:40:57.865495,LCK_20260623_114057_XAJI0Y
E00262,John,Woodward,rodriguezveronica@example.net,6/8/1971,M,3625269304,7/29/2012,Cloud Platform - AWS,IT_Operations,Senior Associate,10,2026-06-23 11:40:57.865495,LCK_20260623_114057_XAJI0Y
E00263,Alan,Reyes,npatterson@example.com,8/11/1976,M,218845082,7/7/2012,Data_Analysis - R,Data_Analytics,Associate,11,2026-06-23 11:40:57.865495,LCK_20260623_114057_XAJI0Y
E00264,Andrea,Young,powelljason@example.com,4/24/1969,F,8140682724,12/10/2013,Budgeting_Forecasting,Finance_Accounting,Associate,11,2026-06-23 11:40:57.865495,LCK_20260623_114057_XAJI0Y
E00265,Michael,Gardner,jason45@example.net,7/23/1988,M,767185429,9/16/2020,CRM - Zendesk,Customer_Support,Associate,11,2026-06-23 11:40:57.865495,LCK_20260623_114057_XAJI0Y
E00266,Ryan,Wright,carrie27@example.net,11/2/1968,M,1090295070,9/15/2011,Software Architecture,Software_Development,Associate,11,2026-06-23 11:40:57.865495,LCK_20260623_114057_XAJI0Y
E00267,Bryan,Sherman,thomassamantha@example.org,7/23/1976,M,539540957,11/21/2024,Digital_Marketing - SEM,Sales_Marketing,Tech Lead,9,2026-06-23 11:40:57.865495,LCK_20260623_114057_XAJI0Y
E00268,Dwayne,Berry,yramirez@example.net,5/10/1972,M,5439751756,1/13/2018,Product_Roadmapping,Product_Management,Senior Associate,10,2026-06-23 11:40:57.865495,LCK_20260623_114057_XAJI0Y
E00269,Patrick,Coffey,adkinsjasmine@example.net,4/5/1962,M,332446528,10/11/2013,Campaign_Management,Sales_Marketing,Tech Lead,9,2026-06-23 11:40:57.865495,LCK_20260623_114057_XAJI0Y
E00270,Lisa,Anderson,millerrichard@example.net,5/4/1995,F,6259965087,1/3/2015,Tools - Selenium,Quality_Assurance,Tech Lead,9,2026-06-23 11:40:57.865495,LCK_20260623_114057_XAJI0Y
E00271,Daniel,Oconnell,kadams@example.org,12/14/1990,M,3651424052,4/25/2022,Digital_Marketing - SEM,Sales_Marketing,Manager,7,2026-06-23 11:40:57.865495,LCK_20260623_114057_XAJI0Y
E00272,Marvin,Garcia,davilajoanne@example.com,11/17/1966,M,1627239533,4/13/2011,Competitive_Analysis,Product_Management,Associate,11,2026-06-23 11:40:57.865495,LCK_20260623_114057_XAJI0Y
E00273,Michael,Munoz,eduardo81@example.org,6/9/1978,M,5868034795,3/15/2019,Campaign_Management,Sales_Marketing,Senior Associate,10,2026-06-23 11:40:57.865495,LCK_20260623_114057_XAJI0Y
E00274,James,Oneal,kennethburch@example.com,1/21/1968,M,6482949608,8/27/2015,CRM - Salesforce,Sales_Marketing,Senior Associate,10,2026-06-23 11:40:57.865495,LCK_20260623_114057_XAJI0Y
E00275,Samantha,Morales,zbarrera@example.com,3/25/1984,M,8400673651,8/5/2019,Digital_Marketing - SEO,Sales_Marketing,Senior Associate,10,2026-06-23 11:40:57.865495,LCK_20260623_114057_XAJI0Y
E00276,Michael,Thompson,butlertaylor@example.org,3/7/1961,M,4250585966,10/3/2021,Compliance - GAAP,Finance_Accounting,Associate,11,2026-06-23 11:40:57.865495,LCK_20260623_114057_XAJI0Y
E00277,Betty,Vaughan,jasonharvey@example.net,2/16/1976,F,4736177701,9/6/2012,Server Admin - Linux,IT_Operations,Tech Lead,9,2026-06-23 11:40:57.865495,LCK_20260623_114057_XAJI0Y
E00278,Jacqueline,Jackson,johnsondale@example.org,2/4/1974,F,7556778463,2/19/2018,Requirement_Gathering,Product_Management,Senior Associate,10,2026-06-23 11:40:57.865495,LCK_20260623_114057_XAJI0Y
E00279,Christopher,Leonard,matthew60@example.net,1/2/1968,M,9067345901,8/8/2023,Security - Application,Cybersecurity,Associate,11,2026-06-23 11:40:57.865495,LCK_20260623_114057_XAJI0Y
E00280,David,Barr,patricia36@example.com,7/17/1972,M,7959028506,3/23/2014,Data_Engineering - SQL,Data_Analytics,Senior Associate,10,2026-06-23 11:40:57.865495,LCK_20260623_114057_XAJI0Y
E00281,Tonya,White,timothyrobinson@example.net,9/5/1998,F,7146580271,5/8/2014,Security - Network,Cybersecurity,Senior Associate,10,2026-06-23 11:40:57.865495,LCK_20260623_114057_XAJI0Y
E00282,Elizabeth,Ballard,carterkimberly@example.com,9/21/1967,F,7921638141,10/3/2015,Requirement_Gathering,Product_Management,HR,8,2026-06-23 11:40:57.865495,LCK_20260623_114057_XAJI0Y
E00283,Crystal,Robinson,shirley26@example.org,11/22/1962,F,8792311005,5/19/2013,Testing - Manual,Quality_Assurance,HR,8,2026-06-23 11:40:57.865495,LCK_20260623_114057_XAJI0Y
E00284,David,Webb,umontgomery@example.net,3/5/1982,M,7636138539,4/5/2021,Accounting - Tally,Finance_Accounting,Tech Lead,9,2026-06-23 11:40:57.865495,LCK_20260623_114057_XAJI0Y
E00285,Deborah,Henderson,johnsondonna@example.net,8/20/1992,F,6983751898,2/21/2010,Ticketing_Systems,Customer_Support,Manager,7,2026-06-23 11:40:57.865495,LCK_20260623_114057_XAJI0Y
E00286,Cathy,Weeks,sarahcollins@example.com,8/15/1974,F,565779964,12/13/2024,Recruitment - Interviewing,Human_Resources,Tech Lead,9,2026-06-23 11:40:57.865495,LCK_20260623_114057_XAJI0Y
E00287,Dakota,Jones,barrettfernando@example.net,8/10/1975,M,1982830136,3/8/2019,Network Management,IT_Operations,Senior Associate,10,2026-06-23 11:40:57.865495,LCK_20260623_114057_XAJI0Y
E00288,Randy,Freeman,shermankenneth@example.net,8/6/1963,M,1811005974,2/25/2016,Recruitment - Sourcing,Human_Resources,Tech Lead,9,2026-06-23 11:40:57.865495,LCK_20260623_114057_XAJI0Y
E00289,Raymond,Hall,melissashaw@example.org,1/21/1973,M,2631649245,3/10/2020,Security - Network,Cybersecurity,Senior Associate,10,2026-06-23 11:40:57.865495,LCK_20260623_114057_XAJI0Y
E00290,Judy,Love,brittany81@example.com,2/19/1973,F,7287376918,12/14/2021,Security - Network,Cybersecurity,Senior Associate,10,2026-06-23 11:40:57.865495,LCK_20260623_114057_XAJI0Y
E00291,Candace,Franklin,mollytyler@example.com,11/12/1984,F,8287336189,5/12/2021,Data_Analysis - Python,Data_Analytics,Tech Lead,9,2026-06-23 11:40:57.865495,LCK_20260623_114057_XAJI0Y
E00292,Wendy,Rollins,whanson@example.net,3/17/1972,F,7354460326,8/11/2011,Stakeholder_Management,Product_Management,HR,8,2026-06-23 11:40:57.865495,LCK_20260623_114057_XAJI0Y
E00293,Brian,Vaughan,doneill@example.net,10/8/1969,M,7520584108,12/29/2023,Technical_Product_Knowledge,Sales_Marketing,Junior Associate,12,2026-06-23 11:40:57.865495,LCK_20260623_114057_XAJI0Y
E00294,Brenda,Potter,cynthia30@example.org,1/6/1960,F,195084803,7/19/2013,Data_Engineering - SQL,Data_Analytics,Tech Lead,9,2026-06-23 11:40:57.865495,LCK_20260623_114057_XAJI0Y
E00295,Angela,Jackson,donald51@example.net,2/18/1998,F,6300321594,6/28/2011,Compliance - ISO27001,Cybersecurity,Manager,7,2026-06-23 11:40:57.865495,LCK_20260623_114057_XAJI0Y
E00296,Eric,Porter,jacksonheather@example.net,8/4/1993,M,945337556,8/9/2017,Customer_Service - Voice,Customer_Support,Associate,11,2026-06-23 11:40:57.865495,LCK_20260623_114057_XAJI0Y
E00297,Leslie,Knox,morriscathy@example.org,11/28/1997,M,1896343316,1/6/2016,Testing - Manual,Quality_Assurance,Tech Lead,9,2026-06-23 11:40:57.865495,LCK_20260623_114057_XAJI0Y
E00298,William,Estes,ruthjones@example.com,4/8/1968,M,6879732853,8/15/2024,Customer_Service - Email,Customer_Support,Associate,11,2026-06-23 11:40:57.865495,LCK_20260623_114057_XAJI0Y
E00299,Shawn,Lawson,emilyharrison@example.com,8/14/1975,M,9324916927,8/31/2018,Visualization - Tableau,Data_Analytics,Associate,11,2026-06-23 11:40:57.865495,LCK_20260623_114057_XAJI0Y
E00300,James,Bridges,beverly64@example.com,1/10/1999,M,4595558652,2/14/2010,Programming - Java,Software_Development,Associate,11,2026-06-23 11:40:57.865495,LCK_20260623_114057_XAJI0Y
E00301,Timothy,Williams,ubrooks@example.net,6/7/1989,M,8819562110,8/22/2018,Digital_Marketing - SEO,Sales_Marketing,Junior Associate,12,2026-06-23 11:40:57.865495,LCK_20260623_114057_XAJI0Y
E00302,Glenn,Graham,kathylong@example.org,12/16/1984,M,9987918942,6/15/2013,Penetration_Testing,Cybersecurity,HR,8,2026-06-23 11:40:57.865495,LCK_20260623_114057_XAJI0Y
E00303,Kristi,Anderson,jenniferjuarez@example.org,10/15/1968,F,6700262804,4/12/2024,Customer_Service - Email,Customer_Support,HR,8,2026-06-23 11:40:57.865495,LCK_20260623_114057_XAJI0Y
E00304,Brian,Kim,joneswilliam@example.org,12/26/1978,M,1247382938,2/26/2020,Visualization - Tableau,Data_Analytics,Associate,11,2026-06-23 11:40:57.865495,LCK_20260623_114057_XAJI0Y
E00305,Richard,Parker,dennis80@example.net,10/3/1979,M,9483357618,10/19/2011,Risk_Management,Cybersecurity,Tech Lead,9,2026-06-23 11:40:57.865495,LCK_20260623_114057_XAJI0Y
E00306,Anthony,Carney,andrewwu@example.net,8/17/1990,M,9039633147,4/29/2025,Data_Analysis - Python,Data_Analytics,HR,8,2026-06-23 11:40:57.865495,LCK_20260623_114057_XAJI0Y
E00307,Cathy,Jones,reynoldsanthony@example.net,3/18/1995,F,4299589830,11/21/2020,Programming - JavaScript,Software_Development,Senior Associate,10,2026-06-23 11:40:57.865495,LCK_20260623_114057_XAJI0Y
E00308,Anthony,Callahan,russell94@example.org,1/11/1963,M,4888332102,8/8/2019,Programming - JavaScript,Software_Development,Junior Associate,12,2026-06-23 11:40:57.865495,LCK_20260623_114057_XAJI0Y
E00309,David,Harris,pbrooks@example.org,11/13/1995,M,8806431614,2/17/2018,Stakeholder_Management,Product_Management,Senior Associate,10,2026-06-23 11:40:57.865495,LCK_20260623_114057_XAJI0Y
E00310,Mariah,Palmer,wmccoy@example.net,2/21/1963,M,4641637043,6/16/2016,Ticketing_Systems,Customer_Support,Senior Associate,10,2026-06-23 11:40:57.865495,LCK_20260623_114057_XAJI0Y
E00311,Jeremy,Park,joseph30@example.net,6/28/1991,M,9683233254,9/18/2021,Financial_Reporting,Finance_Accounting,Tech Lead,9,2026-06-23 11:40:57.865495,LCK_20260623_114057_XAJI0Y
E00312,Cassandra,Medina,amanda35@example.net,12/24/1960,M,2273943467,5/30/2016,Financial_Reporting,Finance_Accounting,Senior Associate,10,2026-06-23 11:40:57.865495,LCK_20260623_114057_XAJI0Y
E00313,Michele,Garrett,pbell@example.org,2/19/1999,F,3801333259,6/29/2013,Stakeholder_Management,Product_Management,Junior Associate,12,2026-06-23 11:40:57.865495,LCK_20260623_114057_XAJI0Y
E00314,Gregory,Robertson,eric17@example.org,1/5/1976,M,3697529737,5/15/2022,Product_Roadmapping,Product_Management,Senior Associate,10,2026-06-23 11:40:57.865495,LCK_20260623_114057_XAJI0Y
E00315,Joshua,Vega,everettrobin@example.org,1/25/1998,M,3153208721,2/1/2010,CRM - Zendesk,Customer_Support,Junior Associate,12,2026-06-23 11:40:57.865495,LCK_20260623_114057_XAJI0Y
E00316,Robert,Wilson,beardkevin@example.net,11/11/1966,M,629072837,3/3/2025,Testing - Manual,Quality_Assurance,Tech Lead,9,2026-06-23 11:40:57.865495,LCK_20260623_114057_XAJI0Y
E00317,Terry,Hernandez,kristinlittle@example.net,7/29/1965,M,7384893102,2/5/2011,Ticketing_Systems,Customer_Support,Associate,11,2026-06-23 11:40:57.865495,LCK_20260623_114057_XAJI0Y
E00318,Abigail,Williams,taravillarreal@example.org,8/24/1985,F,853280912,11/4/2021,Ticketing_Systems,Customer_Support,Manager,7,2026-06-23 11:40:57.865495,LCK_20260623_114057_XAJI0Y
E00319,James,Grant,arroyoheather@example.net,4/18/1990,M,7434915575,6/25/2022,Payroll_Management,Human_Resources,Manager,7,2026-06-23 11:40:57.865495,LCK_20260623_114057_XAJI0Y
E00320,Robert,Evans,haustin@example.net,7/26/1969,M,7415440443,11/11/2024,Programming - Python,Software_Development,Senior Associate,10,2026-06-23 11:40:57.865495,LCK_20260623_114057_XAJI0Y
E00321,Elizabeth,Gilmore,dakota20@example.com,10/22/1999,M,3507373287,3/4/2024,Customer_Service - Voice,Customer_Support,Junior Associate,12,2026-06-23 11:40:57.865495,LCK_20260623_114057_XAJI0Y
E00322,Gail,Sanchez,brownrobert@example.net,11/21/1995,F,3554598761,12/4/2014,Customer_Service - Email,Customer_Support,Junior Associate,12,2026-06-23 11:40:57.865495,LCK_20260623_114057_XAJI0Y
E00323,Adam,Calhoun,idelgado@example.org,8/2/1999,M,5706709279,12/15/2019,Programming - JavaScript,Software_Development,Tech Lead,9,2026-06-23 11:40:57.865495,LCK_20260623_114057_XAJI0Y
E00324,John,Swanson,kingdebra@example.com,5/17/1972,M,1834843849,9/26/2017,Tools - Selenium,Quality_Assurance,Senior Associate,10,2026-06-23 11:40:57.865495,LCK_20260623_114057_XAJI0Y
E00325,Kristi,Reid,longcarly@example.org,5/7/1960,M,9317575129,12/25/2023,Product_Roadmapping,Product_Management,Tech Lead,9,2026-06-23 11:40:57.865495,LCK_20260623_114057_XAJI0Y
E00326,Robert,Gross,mmoore@example.net,7/14/1998,M,8035641398,12/25/2023,Visualization - Tableau,Data_Analytics,Manager,7,2026-06-23 11:40:57.865495,LCK_20260623_114057_XAJI0Y
E00327,Nathan,Trevino,webbgail@example.net,5/24/1972,M,4779921650,12/4/2017,Stakeholder_Management,Product_Management,Junior Associate,12,2026-06-23 11:40:57.865495,LCK_20260623_114057_XAJI0Y
E00328,Justin,Grant,cindywalters@example.com,7/31/1976,M,3913660422,3/29/2024,Technical_Product_Knowledge,Sales_Marketing,Senior Associate,10,2026-06-23 11:40:57.865495,LCK_20260623_114057_XAJI0Y
E00329,Daniel,Martinez,ashley10@example.org,6/7/1961,M,103396290,2/11/2017,Accounting - SAP_FICO,Finance_Accounting,Manager,7,2026-06-23 11:40:57.865495,LCK_20260623_114057_XAJI0Y
E00330,Jennifer,George,courtney80@example.net,9/13/1990,M,6566381112,8/4/2017,Data_Engineering - SQL,Data_Analytics,HR,8,2026-06-23 11:40:57.865495,LCK_20260623_114057_XAJI0Y
E00331,Sarah,Watson,guzmansonia@example.net,2/18/1996,F,4420396507,9/18/2016,Server Admin - Windows,IT_Operations,Manager,7,2026-06-23 11:40:57.865495,LCK_20260623_114057_XAJI0Y
E00332,Nicole,Reilly,aaronwilson@example.net,8/4/1989,F,613589667,8/16/2015,Compliance - GAAP,Finance_Accounting,Tech Lead,9,2026-06-23 11:40:57.865495,LCK_20260623_114057_XAJI0Y
E00333,Jennifer,Miller,zreynolds@example.com,1/31/1985,M,9156200999,8/15/2016,Server Admin - Linux,IT_Operations,Tech Lead,9,2026-06-23 11:40:57.865495,LCK_20260623_114057_XAJI0Y
E00334,Roberta,Fuentes,ldavis@example.org,4/27/1995,F,2280761955,3/9/2022,CRM - Salesforce,Sales_Marketing,Tech Lead,9,2026-06-23 11:40:57.865495,LCK_20260623_114057_XAJI0Y
E00335,Gavin,Williams,gfields@example.net,10/19/1990,M,3225467971,6/13/2016,Cloud Platform - Azure,IT_Operations,Senior Associate,10,2026-06-23 11:40:57.865495,LCK_20260623_114057_XAJI0Y
E00336,Richard,Peters,laura22@example.net,2/5/1980,M,1419298256,6/6/2016,Data_Analysis - R,Data_Analytics,Senior Associate,10,2026-06-23 11:40:57.865495,LCK_20260623_114057_XAJI0Y
E00337,William,Santos,thomas57@example.com,9/10/1974,M,1935827090,12/27/2024,Compliance - ISO27001,Cybersecurity,Tech Lead,9,2026-06-23 11:40:57.865495,LCK_20260623_114057_XAJI0Y
E00338,Lisa,Hardy,susan40@example.com,4/30/1984,F,9934098246,12/12/2014,Cloud Platform - AWS,IT_Operations,Tech Lead,9,2026-06-23 11:40:57.865495,LCK_20260623_114057_XAJI0Y
E00339,Douglas,Moore,blakeemily@example.com,3/13/1971,M,9097487383,5/13/2023,Campaign_Management,Sales_Marketing,Associate,11,2026-06-23 11:40:57.865495,LCK_20260623_114057_XAJI0Y
E00340,Stephanie,Simpson,jacksonjason@example.net,6/22/1961,F,2026797342,3/24/2014,Budgeting_Forecasting,Finance_Accounting,Manager,7,2026-06-23 11:40:57.865495,LCK_20260623_114057_XAJI0Y
E00341,Jason,Mcconnell,samuelperez@example.net,3/8/1975,M,42683806,9/7/2022,Bug_Tracking,Quality_Assurance,Manager,7,2026-06-23 11:40:57.865495,LCK_20260623_114057_XAJI0Y
E00342,Andrea,Santana,charlesjohnson@example.com,11/4/1970,M,2898540612,7/4/2014,Data_Analysis - R,Data_Analytics,HR,8,2026-06-23 11:40:57.865495,LCK_20260623_114057_XAJI0Y
E00343,Dylan,Taylor,anthony72@example.org,10/14/1986,M,8582074869,3/30/2021,Payroll_Management,Human_Resources,Junior Associate,12,2026-06-23 11:40:57.865495,LCK_20260623_114057_XAJI0Y
E00344,Mark,Johnson,david47@example.net,8/7/1966,M,6677741941,10/9/2014,Competitive_Analysis,Product_Management,Associate,11,2026-06-23 11:40:57.865495,LCK_20260623_114057_XAJI0Y
E00345,Jeremy,Smith,martinjohn@example.net,11/6/1975,M,9469855898,2/8/2019,Accounting - Tally,Finance_Accounting,Junior Associate,12,2026-06-23 11:40:57.865495,LCK_20260623_114057_XAJI0Y
E00346,Connie,West,washingtonlori@example.net,4/6/1978,F,8885270667,3/26/2016,Digital_Marketing - SEM,Sales_Marketing,Senior Associate,10,2026-06-23 11:40:57.865495,LCK_20260623_114057_XAJI0Y
E00347,Michelle,Blair,dennis55@example.com,4/18/1961,F,2528234762,8/2/2022,Compliance - GAAP,Finance_Accounting,Junior Associate,12,2026-06-23 11:40:57.865495,LCK_20260623_114057_XAJI0Y
E00348,Tyler,Martin,jenniferweaver@example.org,11/17/1997,M,6401010365,6/2/2014,Data_Analysis - R,Data_Analytics,Senior Associate,10,2026-06-23 11:40:57.865495,LCK_20260623_114057_XAJI0Y
E00349,Daniel,Sanders,hansendarrell@example.net,2/25/1983,M,3861464873,4/18/2016,Cloud Platform - Azure,IT_Operations,Manager,7,2026-06-23 11:40:57.865495,LCK_20260623_114057_XAJI0Y
E00350,Jared,Kim,hboyd@example.org,12/18/1966,M,5399161618,2/4/2017,Testing - Manual,Quality_Assurance,Junior Associate,12,2026-06-23 11:40:57.865495,LCK_20260623_114057_XAJI0Y
E00351,Raymond,George,katrinabeck@example.org,2/15/1989,M,3613869861,4/4/2024,CRM - Salesforce,Sales_Marketing,Junior Associate,12,2026-06-23 11:40:57.865495,LCK_20260623_114057_XAJI0Y
E00352,Michele,Fowler,christopher68@example.net,10/17/1997,F,161009172,11/1/2015,Accounting - SAP_FICO,Finance_Accounting,Tech Lead,9,2026-06-23 11:40:57.865495,LCK_20260623_114057_XAJI0Y
E00353,Charles,Waters,iwilliams@example.com,3/27/1988,M,147467161,9/10/2012,Tools - JIRA,Quality_Assurance,Manager,7,2026-06-23 11:40:57.865495,LCK_20260623_114057_XAJI0Y
E00354,Zachary,Mitchell,brandon54@example.net,9/7/1987,M,8530687740,8/12/2015,Compliance - GAAP,Finance_Accounting,Junior Associate,12,2026-06-23 11:40:57.865495,LCK_20260623_114057_XAJI0Y
E00355,Jessica,Davis,robertsummers@example.net,5/2/1989,F,5287444123,3/1/2017,Compliance - ISO27001,Cybersecurity,Associate,11,2026-06-23 11:40:57.865495,LCK_20260623_114057_XAJI0Y
E00356,Eric,Harrison,bowmanwesley@example.org,3/28/1994,M,6167957615,5/21/2011,Programming - JavaScript,Software_Development,Tech Lead,9,2026-06-23 11:40:57.865495,LCK_20260623_114057_XAJI0Y
E00357,Rebecca,Ward,marielong@example.com,9/28/1968,M,3883438262,9/10/2024,Tools - JIRA,Quality_Assurance,Manager,7,2026-06-23 11:40:57.865495,LCK_20260623_114057_XAJI0Y
E00358,Joshua,Gaines,smithrichard@example.net,5/5/1985,M,7499849356,3/18/2010,Server Admin - Linux,IT_Operations,Junior Associate,12,2026-06-23 11:40:57.865495,LCK_20260623_114057_XAJI0Y
E00359,Robert,Butler,brian48@example.org,12/26/1978,M,9244311466,8/16/2024,CRM - Zendesk,Customer_Support,Manager,7,2026-06-23 11:40:57.865495,LCK_20260623_114057_XAJI0Y
E00360,Kelly,Olson,flynncurtis@example.net,8/25/1965,M,5687059935,12/10/2011,HRIS_Systems,Human_Resources,Senior Associate,10,2026-06-23 11:40:57.865495,LCK_20260623_114057_XAJI0Y
E00361,Kenneth,Frederick,jackyu@example.org,12/29/1983,M,4541578478,11/4/2014,Budgeting_Forecasting,Finance_Accounting,Associate,11,2026-06-23 11:40:57.865495,LCK_20260623_114057_XAJI0Y
E00362,Kim,Marquez,harmonglenn@example.org,4/11/1988,F,7580740590,7/15/2024,Server Admin - Windows,IT_Operations,Tech Lead,9,2026-06-23 11:40:57.865495,LCK_20260623_114057_XAJI0Y
E00363,Robert,Wilson,kimberly33@example.org,6/4/1998,M,1885821082,12/30/2019,Cloud Platform - AWS,IT_Operations,HR,8,2026-06-23 11:40:57.865495,LCK_20260623_114057_XAJI0Y
E00364,Richard,Perez,michael58@example.org,3/2/1975,M,7189494880,2/4/2020,Cloud Platform - Azure,IT_Operations,Junior Associate,12,2026-06-23 11:40:57.865495,LCK_20260623_114057_XAJI0Y
E00365,Sierra,Simmons,moorevictor@example.org,8/28/1975,F,5785089963,8/9/2010,Financial_Reporting,Finance_Accounting,Manager,7,2026-06-23 11:40:57.865495,LCK_20260623_114057_XAJI0Y
E00366,Heidi,Young,preynolds@example.com,7/28/1975,F,7344639361,5/3/2023,Security - Application,Cybersecurity,Manager,7,2026-06-23 11:40:57.865495,LCK_20260623_114057_XAJI0Y
E00367,John,Olson,jennifervaughan@example.net,11/26/1998,M,6811318000,11/7/2016,Security - Network,Cybersecurity,Junior Associate,12,2026-06-23 11:40:57.865495,LCK_20260623_114057_XAJI0Y
E00368,Mark,Bonilla,michaelgomez@example.com,8/6/1970,M,7094563714,11/27/2011,Server Admin - Linux,IT_Operations,Senior Associate,10,2026-06-23 11:40:57.865495,LCK_20260623_114057_XAJI0Y
E00369,Robert,Barrett,erika91@example.net,5/12/1981,M,2248615111,12/9/2020,Data_Engineering - SQL,Data_Analytics,HR,8,2026-06-23 11:40:57.865495,LCK_20260623_114057_XAJI0Y
E00370,Andrew,Richardson,imcintosh@example.com,12/30/1991,M,3774118902,9/23/2024,Version Control - Git,Software_Development,Tech Lead,9,2026-06-23 11:40:57.865495,LCK_20260623_114057_XAJI0Y
E00371,Adrian,Hendricks,josepark@example.com,6/19/1984,M,6762131377,3/13/2023,Digital_Marketing - SEO,Sales_Marketing,Manager,7,2026-06-23 11:40:57.865495,LCK_20260623_114057_XAJI0Y
E00372,Gary,Stewart,greenjodi@example.net,6/29/1992,M,4928447774,12/11/2013,Testing - Automation,Quality_Assurance,Associate,11,2026-06-23 11:40:57.865495,LCK_20260623_114057_XAJI0Y
E00373,Jennifer,Arnold,oroberts@example.com,6/15/1984,M,917952610,6/28/2012,Data_Analysis - R,Data_Analytics,Tech Lead,9,2026-06-23 11:40:57.865495,LCK_20260623_114057_XAJI0Y
E00374,Frank,Hernandez,wilsonaaron@example.com,3/28/1984,M,8956462376,1/6/2012,Competitive_Analysis,Product_Management,Associate,11,2026-06-23 11:40:57.865495,LCK_20260623_114057_XAJI0Y
E00375,Ricardo,Matthews,richard94@example.com,12/14/1986,M,7107199715,12/5/2024,CRM - Salesforce,Sales_Marketing,Manager,7,2026-06-23 11:40:57.865495,LCK_20260623_114057_XAJI0Y
E00376,John,Martinez,granthill@example.com,7/3/1990,M,1197473482,3/22/2011,Digital_Marketing - SEM,Sales_Marketing,Senior Associate,10,2026-06-23 11:40:57.865495,LCK_20260623_114057_XAJI0Y
E00377,Susan,Miller,anna30@example.net,8/11/1973,F,4905427400,1/15/2017,Version Control - Git,Software_Development,Junior Associate,12,2026-06-23 11:40:57.865495,LCK_20260623_114057_XAJI0Y
E00378,Heather,Bird,vvaldez@example.com,9/24/1968,M,7287543174,7/16/2012,Agile - Scrum,Product_Management,HR,8,2026-06-23 11:40:57.865495,LCK_20260623_114057_XAJI0Y
E00379,Taylor,Choi,hannah00@example.org,12/21/1991,F,6450798988,5/23/2020,Bug_Tracking,Quality_Assurance,Tech Lead,9,2026-06-23 11:40:57.865495,LCK_20260623_114057_XAJI0Y
E00380,David,Moreno,kwilson@example.net,5/21/1999,M,584250381,5/20/2022,Server Admin - Windows,IT_Operations,HR,8,2026-06-23 11:40:57.865495,LCK_20260623_114057_XAJI0Y
E00381,David,Taylor,kyle50@example.com,5/12/1983,M,4730974726,6/12/2014,CRM - Salesforce,Sales_Marketing,Tech Lead,9,2026-06-23 11:40:57.865495,LCK_20260623_114057_XAJI0Y
E00382,Christopher,Mack,jonathanmurillo@example.com,8/4/1989,M,181089413,3/5/2011,Customer_Service - Email,Customer_Support,Junior Associate,12,2026-06-23 11:40:57.865495,LCK_20260623_114057_XAJI0Y
E00383,Raymond,Dalton,tjohnson@example.org,4/17/1979,M,1906371219,4/2/2021,Security - Application,Cybersecurity,Junior Associate,12,2026-06-23 11:40:57.865495,LCK_20260623_114057_XAJI0Y
E00384,Charles,Cannon,hnichols@example.com,9/22/1973,M,8531397075,6/2/2015,Requirement_Gathering,Product_Management,Senior Associate,10,2026-06-23 11:40:57.865495,LCK_20260623_114057_XAJI0Y
E00385,Madison,Barnes,jamie08@example.com,4/24/1994,F,2347052485,7/29/2020,Programming - JavaScript,Software_Development,Senior Associate,10,2026-06-23 11:40:57.865495,LCK_20260623_114057_XAJI0Y
E00386,Stephen,Saunders,kellysalazar@example.org,2/3/1961,M,9172321622,10/2/2017,Cloud Platform - Azure,IT_Operations,Associate,11,2026-06-23 11:40:57.865495,LCK_20260623_114057_XAJI0Y
E00387,Jeremy,Graham,oliverchristine@example.org,10/17/1991,M,9650783804,8/10/2017,Product_Roadmapping,Product_Management,Associate,11,2026-06-23 11:40:57.865495,LCK_20260623_114057_XAJI0Y
E00388,Manuel,Craig,vanessa64@example.net,12/11/1965,M,783318804,4/30/2019,Cloud Platform - AWS,IT_Operations,Manager,7,2026-06-23 11:40:57.865495,LCK_20260623_114057_XAJI0Y
E00389,Ashley,Johnson,gchase@example.com,10/16/1995,M,1153349351,11/29/2019,Cloud Platform - AWS,IT_Operations,Tech Lead,9,2026-06-23 11:40:57.865495,LCK_20260623_114057_XAJI0Y
E00390,Charles,Carter,chambersjamie@example.net,9/27/1995,M,8711429013,3/31/2020,Testing - Automation,Quality_Assurance,HR,8,2026-06-23 11:40:57.865495,LCK_20260623_114057_XAJI0Y
E00391,Jesse,Thomas,cterry@example.com,3/19/1972,M,9177835611,3/19/2019,Payroll_Management,Human_Resources,Junior Associate,12,2026-06-23 11:40:57.865495,LCK_20260623_114057_XAJI0Y
E00392,Travis,Greene,nicholastaylor@example.org,6/5/1961,M,3415313615,7/6/2023,Requirement_Gathering,Product_Management,Manager,7,2026-06-23 11:40:57.865495,LCK_20260623_114057_XAJI0Y
E00393,Anna,Perkins,cynthiacrawford@example.net,5/26/1993,F,6906585160,5/9/2023,CRM - Zendesk,Customer_Support,Senior Associate,10,2026-06-23 11:40:57.865495,LCK_20260623_114057_XAJI0Y
E00394,Brandi,Daniel,jamesgarcia@example.com,11/8/1965,M,9489190434,9/5/2023,Bug_Tracking,Quality_Assurance,Senior Associate,10,2026-06-23 11:40:57.865495,LCK_20260623_114057_XAJI0Y
E00395,Michael,Montgomery,elizabethleon@example.org,2/9/1998,M,9491405685,4/27/2023,Cloud Platform - Azure,IT_Operations,HR,8,2026-06-23 11:40:57.865495,LCK_20260623_114057_XAJI0Y
E00396,Emily,Doyle,rhutchinson@example.org,5/18/1981,M,9970585172,5/2/2013,Network Management,IT_Operations,Senior Associate,10,2026-06-23 11:40:57.865495,LCK_20260623_114057_XAJI0Y
E00397,Amanda,Lewis,eknight@example.net,3/6/1962,M,1555683176,9/15/2014,Visualization - Tableau,Data_Analytics,Tech Lead,9,2026-06-23 11:40:57.865495,LCK_20260623_114057_XAJI0Y
E00398,Lisa,Salazar,christopher80@example.net,8/12/1988,F,2341808421,7/31/2022,Recruitment - Interviewing,Human_Resources,HR,8,2026-06-23 11:40:57.865495,LCK_20260623_114057_XAJI0Y
E00399,Brenda,Jenkins,vjohnson@example.org,8/2/1979,F,5105341954,2/16/2013,Requirement_Gathering,Product_Management,Manager,7,2026-06-23 11:40:57.865495,LCK_20260623_114057_XAJI0Y
E00400,Andrew,Martin,narmstrong@example.net,3/19/1975,M,3008282602,7/4/2012,Tools - Selenium,Quality_Assurance,Senior Associate,10,2026-06-23 11:40:57.865495,LCK_20260623_114057_XAJI0Y
E00401,Amy,Morales,ythompson@example.net,10/17/1983,M,6788364326,9/11/2024,Customer_Service - Voice,Customer_Support,HR,8,2026-06-23 11:40:57.865495,LCK_20260623_114057_XAJI0Y
E00402,Melissa,Fuller,michael01@example.com,1/17/1997,M,8891391914,2/9/2018,Compliance - GAAP,Finance_Accounting,Senior Associate,10,2026-06-23 11:40:57.865495,LCK_20260623_114057_XAJI0Y
E00403,Kristina,Baker,rickygarcia@example.org,11/29/1998,F,7207348361,1/19/2023,CRM - Zendesk,Customer_Support,Senior Associate,10,2026-06-23 11:40:57.865495,LCK_20260623_114057_XAJI0Y
E00404,Linda,Buck,brandichavez@example.net,6/14/1987,F,6182946499,4/10/2023,Recruitment - Sourcing,Human_Resources,HR,8,2026-06-23 11:40:57.865495,LCK_20260623_114057_XAJI0Y
E00405,Tyler,Rodriguez,betty58@example.net,11/18/1992,M,9072604654,8/19/2012,Campaign_Management,Sales_Marketing,HR,8,2026-06-23 11:40:57.865495,LCK_20260623_114057_XAJI0Y
E00406,Kevin,Gibbs,elizabeththompson@example.net,8/21/1960,M,109805962,2/13/2010,Penetration_Testing,Cybersecurity,Associate,11,2026-06-23 11:40:57.865495,LCK_20260623_114057_XAJI0Y
E00407,Elizabeth,Patterson,deniseclark@example.com,11/9/1991,F,3122194055,4/30/2020,Accounting - Tally,Finance_Accounting,Senior Associate,10,2026-06-23 11:40:57.865495,LCK_20260623_114057_XAJI0Y
E00408,Joseph,Peterson,torresbonnie@example.org,11/24/1964,M,5205977843,1/21/2017,Visualization - Tableau,Data_Analytics,Manager,7,2026-06-23 11:40:57.865495,LCK_20260623_114057_XAJI0Y
E00409,Cynthia,Schwartz,idelacruz@example.com,1/19/1974,F,5724316539,1/22/2012,Testing - Manual,Quality_Assurance,Manager,7,2026-06-23 11:40:57.865495,LCK_20260623_114057_XAJI0Y
E00410,Richard,Jones,johnguerrero@example.org,10/17/1994,M,6066965353,11/15/2020,Data_Analysis - Python,Data_Analytics,HR,8,2026-06-23 11:40:57.865495,LCK_20260623_114057_XAJI0Y
E00411,Wesley,Baker,christopherjordan@example.net,10/16/1964,M,9613011487,11/20/2022,Recruitment - Sourcing,Human_Resources,Manager,7,2026-06-23 11:40:57.865495,LCK_20260623_114057_XAJI0Y
E00412,Zachary,Moreno,edward91@example.org,4/28/1991,M,8176199856,1/19/2024,Customer_Service - Email,Customer_Support,Junior Associate,12,2026-06-23 11:40:57.865495,LCK_20260623_114057_XAJI0Y
E00413,Jim,Scott,stephanie59@example.org,6/1/1962,M,9826174131,6/25/2012,Competitive_Analysis,Product_Management,HR,8,2026-06-23 11:40:57.865495,LCK_20260623_114057_XAJI0Y
E00414,Meghan,Abbott,masseyapril@example.com,1/18/1987,F,9642116979,4/17/2012,Digital_Marketing - SEO,Sales_Marketing,Tech Lead,9,2026-06-23 11:40:57.865495,LCK_20260623_114057_XAJI0Y
E00415,Julie,Richards,cromero@example.com,2/2/1997,F,6905401012,4/8/2017,Budgeting_Forecasting,Finance_Accounting,HR,8,2026-06-23 11:40:57.865495,LCK_20260623_114057_XAJI0Y
E00416,Sheryl,Lyons,qsimmons@example.com,9/18/1962,M,5147259093,11/12/2023,Testing - Manual,Quality_Assurance,Associate,11,2026-06-23 11:40:57.865495,LCK_20260623_114057_XAJI0Y
E00417,Sarah,Bryan,kaylaperez@example.com,7/5/1973,F,354918978,6/17/2014,Competitive_Analysis,Product_Management,HR,8,2026-06-23 11:40:57.865495,LCK_20260623_114057_XAJI0Y
E00418,Andrew,Castro,joshua90@example.com,10/4/1983,M,6675545492,8/13/2018,Recruitment - Sourcing,Human_Resources,Junior Associate,12,2026-06-23 11:40:57.865495,LCK_20260623_114057_XAJI0Y
E00419,April,Duffy,amandayoung@example.org,6/23/1986,F,7100106012,6/21/2021,CRM - Salesforce,Sales_Marketing,Tech Lead,9,2026-06-23 11:40:57.865495,LCK_20260623_114057_XAJI0Y
E00420,Charles,Torres,beckygray@example.com,9/20/1984,M,6377695714,3/29/2020,Programming - Python,Software_Development,Senior Associate,10,2026-06-23 11:40:57.865495,LCK_20260623_114057_XAJI0Y
E00421,Brad,Mendez,charlesweaver@example.net,3/1/1978,M,7433914449,9/25/2010,Payroll_Management,Human_Resources,HR,8,2026-06-23 11:40:57.865495,LCK_20260623_114057_XAJI0Y
E00422,Brian,Howell,caseyangelica@example.net,2/17/1978,M,7059858905,9/4/2017,Payroll_Management,Human_Resources,Manager,7,2026-06-23 11:40:57.865495,LCK_20260623_114057_XAJI0Y
E00423,Ernest,Lopez,simmonscourtney@example.org,9/12/1995,M,5875167124,1/31/2018,Programming - Python,Software_Development,Tech Lead,9,2026-06-23 11:40:57.865495,LCK_20260623_114057_XAJI0Y
E00424,Julie,Flores,alexandercampbell@example.com,9/12/1977,M,797639819,2/12/2021,Agile - Scrum,Product_Management,Junior Associate,12,2026-06-23 11:40:57.865495,LCK_20260623_114057_XAJI0Y
E00425,Paula,Vasquez,eric90@example.com,3/15/1985,F,6337719647,1/5/2012,Employee_Engagement,Human_Resources,Associate,11,2026-06-23 11:40:57.865495,LCK_20260623_114057_XAJI0Y
E00426,Christian,Butler,jacobjarvis@example.com,1/24/1999,M,5183319474,12/15/2013,Security - Network,Cybersecurity,Manager,7,2026-06-23 11:40:57.865495,LCK_20260623_114057_XAJI0Y
E00427,Ann,Mcconnell,rebeccajennings@example.org,10/25/1970,F,7635763965,9/24/2019,Recruitment - Interviewing,Human_Resources,Junior Associate,12,2026-06-23 11:40:57.865495,LCK_20260623_114057_XAJI0Y
E00428,Amy,Morris,ajones@example.com,7/1/1995,F,4048115912,3/22/2023,Cloud Platform - Azure,IT_Operations,Senior Associate,10,2026-06-23 11:40:57.865495,LCK_20260623_114057_XAJI0Y
E00429,Nathan,Martin,zking@example.net,8/26/1994,M,3822588785,3/5/2023,Requirement_Gathering,Product_Management,Tech Lead,9,2026-06-23 11:40:57.865495,LCK_20260623_114057_XAJI0Y
E00430,Olivia,Ramos,jwolfe@example.com,6/15/1994,M,3547860085,6/28/2020,Server Admin - Windows,IT_Operations,Manager,7,2026-06-23 11:40:57.865495,LCK_20260623_114057_XAJI0Y
E00431,Jennifer,Hawkins,dwayne08@example.org,4/20/1977,F,6417059040,11/27/2014,Requirement_Gathering,Product_Management,Manager,7,2026-06-23 11:40:57.865495,LCK_20260623_114057_XAJI0Y
E00432,Sharon,Barron,christopherfoley@example.com,7/31/1992,F,5785142189,4/2/2023,Accounting - SAP_FICO,Finance_Accounting,Manager,7,2026-06-23 11:40:57.865495,LCK_20260623_114057_XAJI0Y
E00433,Bryan,Ashley,ovincent@example.com,3/14/1975,M,9506355091,1/28/2022,Technical_Product_Knowledge,Sales_Marketing,Manager,7,2026-06-23 11:40:57.865495,LCK_20260623_114057_XAJI0Y
E00434,Zachary,Underwood,eric97@example.com,6/12/1996,M,7359154337,6/24/2019,Customer_Service - Voice,Customer_Support,HR,8,2026-06-23 11:40:57.865495,LCK_20260623_114057_XAJI0Y
E00435,Kayla,Wade,daniel53@example.net,12/16/1964,F,9476975521,12/14/2014,Customer_Service - Voice,Customer_Support,Junior Associate,12,2026-06-23 11:40:57.865495,LCK_20260623_114057_XAJI0Y
E00436,Alice,Johnson,xflores@example.net,7/23/1987,F,7817881634,4/12/2025,Product_Roadmapping,Product_Management,Associate,11,2026-06-23 11:40:57.865495,LCK_20260623_114057_XAJI0Y
E00437,Scott,Richardson,dharrison@example.com,10/21/1997,M,2325834548,7/2/2011,Compliance - ISO27001,Cybersecurity,Associate,11,2026-06-23 11:40:57.865495,LCK_20260623_114057_XAJI0Y
E00438,Deborah,Wilcox,pmorgan@example.net,8/15/1994,M,685661658,8/23/2019,Financial_Reporting,Finance_Accounting,Senior Associate,10,2026-06-23 11:40:57.865495,LCK_20260623_114057_XAJI0Y
E00439,Sheila,Berry,cooktommy@example.com,1/21/1963,F,2755476905,1/19/2023,Security - Network,Cybersecurity,Manager,7,2026-06-23 11:40:57.865495,LCK_20260623_114057_XAJI0Y
E00440,Renee,Santos,hughesnicole@example.com,11/25/1997,M,6775622295,9/16/2022,Agile - Scrum,Product_Management,Manager,7,2026-06-23 11:40:57.865495,LCK_20260623_114057_XAJI0Y
E00441,David,Lee,amanda41@example.com,3/11/1966,M,5745793451,7/21/2012,Recruitment - Interviewing,Human_Resources,Tech Lead,9,2026-06-23 11:40:57.865495,LCK_20260623_114057_XAJI0Y
E00442,Randall,Weaver,fdunn@example.com,6/25/1970,M,1110488639,5/31/2018,Software Architecture,Software_Development,Tech Lead,9,2026-06-23 11:40:57.865495,LCK_20260623_114057_XAJI0Y
E00443,Morgan,Nguyen,chansarah@example.net,4/25/1966,F,9834817492,12/8/2023,Recruitment - Interviewing,Human_Resources,Associate,11,2026-06-23 11:40:57.865495,LCK_20260623_114057_XAJI0Y
E00444,Kathleen,Austin,shawna62@example.com,8/13/1969,M,2610533188,6/24/2013,Network Management,IT_Operations,Senior Associate,10,2026-06-23 11:40:57.865495,LCK_20260623_114057_XAJI0Y
E00445,Christine,Cervantes,john81@example.org,8/24/1974,M,1268195611,9/6/2016,Requirement_Gathering,Product_Management,Manager,7,2026-06-23 11:40:57.865495,LCK_20260623_114057_XAJI0Y
E00446,Kyle,Gray,asmith@example.org,10/11/1964,M,3265327075,2/21/2020,Recruitment - Sourcing,Human_Resources,Senior Associate,10,2026-06-23 11:40:57.865495,LCK_20260623_114057_XAJI0Y
E00447,Edward,Gordon,qwatson@example.org,9/7/1986,M,1262074592,8/7/2017,Financial_Reporting,Finance_Accounting,Senior Associate,10,2026-06-23 11:40:57.865495,LCK_20260623_114057_XAJI0Y
E00448,Sandra,Bray,ricardo97@example.com,10/21/1986,F,9036947262,5/17/2010,Testing - Automation,Quality_Assurance,Senior Associate,10,2026-06-23 11:40:57.865495,LCK_20260623_114057_XAJI0Y
E00449,William,Thomas,christina81@example.com,10/30/1996,M,3294571292,1/12/2012,Data_Engineering - SQL,Data_Analytics,Manager,7,2026-06-23 11:40:57.865495,LCK_20260623_114057_XAJI0Y
E00450,Samantha,Berger,daniel04@example.com,11/10/1970,F,4227478126,5/20/2014,Data_Analysis - R,Data_Analytics,Manager,7,2026-06-23 11:40:57.865495,LCK_20260623_114057_XAJI0Y
E00451,Alicia,Fernandez,sethhoffman@example.org,7/13/1992,F,2003182460,7/17/2013,Programming - Java,Software_Development,Junior Associate,12,2026-06-23 11:40:57.865495,LCK_20260623_114057_XAJI0Y
E00452,Brian,Grimes,andreajones@example.net,1/1/1969,M,705416598,9/22/2014,Customer_Service - Email,Customer_Support,HR,8,2026-06-23 11:40:57.865495,LCK_20260623_114057_XAJI0Y
E00453,Gabriel,Lopez,jguzman@example.net,1/30/1971,M,8676326589,7/14/2014,Programming - Python,Software_Development,HR,8,2026-06-23 11:40:57.865495,LCK_20260623_114057_XAJI0Y
E00454,Crystal,Hernandez,davisraymond@example.com,5/4/1969,F,7132260448,7/18/2018,Tools - Selenium,Quality_Assurance,HR,8,2026-06-23 11:40:57.865495,LCK_20260623_114057_XAJI0Y
E00455,Angela,Butler,bakerannette@example.com,12/30/1966,F,1287547319,3/8/2019,Bug_Tracking,Quality_Assurance,Associate,11,2026-06-23 11:40:57.865495,LCK_20260623_114057_XAJI0Y
E00456,Kendra,James,kelly51@example.net,4/24/1982,F,7526353335,8/22/2020,Bug_Tracking,Quality_Assurance,Associate,11,2026-06-23 11:40:57.865495,LCK_20260623_114057_XAJI0Y
E00457,Charles,Hubbard,bakerdavid@example.net,4/19/1972,M,5880294606,7/19/2024,Recruitment - Interviewing,Human_Resources,Senior Associate,10,2026-06-23 11:40:57.865495,LCK_20260623_114057_XAJI0Y
E00458,Amy,Reed,rbyrd@example.net,10/3/1985,M,2130501667,5/3/2021,Data_Analysis - Python,Data_Analytics,Tech Lead,9,2026-06-23 11:40:57.865495,LCK_20260623_114057_XAJI0Y
E00459,Donna,Tran,millerjoseph@example.net,10/28/1968,F,9714716768,9/9/2019,Bug_Tracking,Quality_Assurance,Tech Lead,9,2026-06-23 11:40:57.865495,LCK_20260623_114057_XAJI0Y
E00460,Ashley,Williamson,laura10@example.com,11/12/1988,F,2330498306,11/27/2012,Recruitment - Sourcing,Human_Resources,Senior Associate,10,2026-06-23 11:40:57.865495,LCK_20260623_114057_XAJI0Y
E00461,Terri,Brown,lchoi@example.com,7/27/1979,M,5745059857,1/12/2013,Technical_Product_Knowledge,Sales_Marketing,Manager,7,2026-06-23 11:40:57.865495,LCK_20260623_114057_XAJI0Y
E00462,Sandra,Morris,bradley95@example.org,3/1/1960,M,1421485344,10/15/2018,HRIS_Systems,Human_Resources,Manager,7,2026-06-23 11:40:57.865495,LCK_20260623_114057_XAJI0Y
E00463,Christopher,Cunningham,ryanodom@example.net,6/1/1973,M,5087697800,9/23/2022,Product_Roadmapping,Product_Management,Manager,7,2026-06-23 11:40:57.865495,LCK_20260623_114057_XAJI0Y
E00464,Ashley,Simmons,trivera@example.com,5/29/1989,M,1398706577,10/31/2010,Data_Engineering - SQL,Data_Analytics,Manager,7,2026-06-23 11:40:57.865495,LCK_20260623_114057_XAJI0Y
E00465,Jamie,Cooper,michael95@example.net,7/23/1980,F,8473929009,10/10/2022,Network Management,IT_Operations,Tech Lead,9,2026-06-23 11:40:57.865495,LCK_20260623_114057_XAJI0Y
E00466,Brittany,Hester,alexis03@example.com,7/29/1991,F,3759339778,4/14/2018,Compliance - ISO27001,Cybersecurity,Junior Associate,12,2026-06-23 11:40:57.865495,LCK_20260623_114057_XAJI0Y
E00467,Evelyn,Murphy,ebarrett@example.com,4/3/1997,F,4518187422,5/21/2016,Competitive_Analysis,Product_Management,Senior Associate,10,2026-06-23 11:40:57.865495,LCK_20260623_114057_XAJI0Y
E00468,Kevin,Cook,reidsamantha@example.net,3/13/1963,M,3461763545,4/26/2011,Product_Roadmapping,Product_Management,Junior Associate,12,2026-06-23 11:40:57.865495,LCK_20260623_114057_XAJI0Y
E00469,Brian,Griffin,hlove@example.com,6/13/1987,M,7323903405,8/25/2014,CRM - Zendesk,Customer_Support,Junior Associate,12,2026-06-23 11:40:57.865495,LCK_20260623_114057_XAJI0Y
E00470,Frank,Garza,nicole94@example.org,3/26/1967,M,9644037341,12/5/2019,Penetration_Testing,Cybersecurity,Associate,11,2026-06-23 11:40:57.865495,LCK_20260623_114057_XAJI0Y
E00471,Michelle,Bass,jessicarodriguez@example.com,10/16/1997,F,2387534495,12/18/2017,Employee_Engagement,Human_Resources,Senior Associate,10,2026-06-23 11:40:57.865495,LCK_20260623_114057_XAJI0Y
E00472,Michelle,Gray,rhall@example.com,4/17/1987,M,8595210381,7/4/2015,Digital_Marketing - SEO,Sales_Marketing,Junior Associate,12,2026-06-23 11:40:57.865495,LCK_20260623_114057_XAJI0Y
E00473,Gwendolyn,Wilson,caseyhenderson@example.com,3/24/1964,F,6190347469,8/9/2014,Escalation_Management,Customer_Support,Associate,11,2026-06-23 11:40:57.865495,LCK_20260623_114057_XAJI0Y
E00474,Timothy,Wilson,wilkinsonchris@example.com,8/25/1993,M,7015768129,4/7/2014,Tools - JIRA,Quality_Assurance,Manager,7,2026-06-23 11:40:57.865495,LCK_20260623_114057_XAJI0Y
E00475,Stephanie,Daniel,martinezjennifer@example.org,10/13/1976,M,9954044830,9/25/2016,Security - Application,Cybersecurity,HR,8,2026-06-23 11:40:57.865495,LCK_20260623_114057_XAJI0Y
E00476,Christina,Turner,cwilson@example.com,4/1/1961,F,8400477430,11/10/2016,Employee_Engagement,Human_Resources,HR,8,2026-06-23 11:40:57.865495,LCK_20260623_114057_XAJI0Y
E00477,Patricia,Snyder,jolson@example.org,2/22/1997,M,1914023748,1/1/2018,Agile - Scrum,Product_Management,Junior Associate,12,2026-06-23 11:40:57.865495,LCK_20260623_114057_XAJI0Y
E00478,Tina,Howard,suecowan@example.org,2/29/1992,F,8590499612,3/14/2020,Competitive_Analysis,Product_Management,Senior Associate,10,2026-06-23 11:40:57.865495,LCK_20260623_114057_XAJI0Y
E00479,Jennifer,Cox,brianmata@example.org,12/20/1969,F,7453112976,11/26/2011,Data_Engineering - SQL,Data_Analytics,Junior Associate,12,2026-06-23 11:40:57.865495,LCK_20260623_114057_XAJI0Y
E00480,Amy,Roberts,danielgomez@example.net,7/26/1976,M,4769559879,7/14/2013,Visualization - Power_BI,Data_Analytics,Associate,11,2026-06-23 11:40:57.865495,LCK_20260623_114057_XAJI0Y
E00481,Jacqueline,Powell,xroberts@example.com,4/12/1966,F,9346741602,5/8/2013,Tools - Selenium,Quality_Assurance,Senior Associate,10,2026-06-23 11:40:57.865495,LCK_20260623_114057_XAJI0Y
E00482,David,Diaz,kyle96@example.org,8/10/1975,M,7037852423,12/26/2012,Data_Analysis - R,Data_Analytics,Manager,7,2026-06-23 11:40:57.865495,LCK_20260623_114057_XAJI0Y
E00483,Eric,Rocha,hfranklin@example.com,8/2/1997,M,2169731113,9/1/2020,CRM - Salesforce,Sales_Marketing,Junior Associate,12,2026-06-23 11:40:57.865495,LCK_20260623_114057_XAJI0Y
E00484,Paul,Reyes,lwoodward@example.net,11/19/1967,M,8646945235,11/22/2019,Server Admin - Linux,IT_Operations,Junior Associate,12,2026-06-23 11:40:57.865495,LCK_20260623_114057_XAJI0Y
E00485,William,Patterson,lauren35@example.net,7/29/1999,M,268700346,3/17/2013,Programming - Python,Software_Development,Manager,7,2026-06-23 11:40:57.865495,LCK_20260623_114057_XAJI0Y
E00486,Tina,Middleton,jacksonashley@example.org,11/17/1982,F,5057668629,9/3/2024,Recruitment - Sourcing,Human_Resources,Tech Lead,9,2026-06-23 11:40:57.865495,LCK_20260623_114057_XAJI0Y
E00487,Alisha,Larsen,juliasmith@example.org,10/24/1988,F,5348760657,8/24/2021,Visualization - Power_BI,Data_Analytics,Senior Associate,10,2026-06-23 11:40:57.865495,LCK_20260623_114057_XAJI0Y
E00488,Michael,Booker,priscillachung@example.com,1/2/1985,M,6736852860,10/27/2019,Programming - Java,Software_Development,HR,8,2026-06-23 11:40:57.865495,LCK_20260623_114057_XAJI0Y
E00489,James,Williams,diazkimberly@example.net,12/13/1988,M,4168016292,6/21/2022,Accounting - Tally,Finance_Accounting,HR,8,2026-06-23 11:40:57.865495,LCK_20260623_114057_XAJI0Y
E00490,Jennifer,Shelton,angelica77@example.net,6/9/1969,F,1691541965,9/20/2017,Digital_Marketing - SEO,Sales_Marketing,Manager,7,2026-06-23 11:40:57.865495,LCK_20260623_114057_XAJI0Y
E00491,Kristin,Kerr,claykristine@example.org,12/22/1962,M,4407292749,11/8/2014,Escalation_Management,Customer_Support,Tech Lead,9,2026-06-23 11:40:57.865495,LCK_20260623_114057_XAJI0Y
E00492,Terry,Foster,jeffrey15@example.org,4/15/1985,M,7531871996,10/24/2014,CRM - Salesforce,Sales_Marketing,Associate,11,2026-06-23 11:40:57.865495,LCK_20260623_114057_XAJI0Y
E00493,Mark,Avery,ulopez@example.com,6/29/1973,M,7937371036,8/22/2013,Security - Network,Cybersecurity,Junior Associate,12,2026-06-23 11:40:57.865495,LCK_20260623_114057_XAJI0Y
E00494,Anthony,Gamble,rebecca95@example.com,6/10/1975,M,4286968814,12/30/2010,Data_Analysis - Python,Data_Analytics,Manager,7,2026-06-23 11:40:57.865495,LCK_20260623_114057_XAJI0Y
E00495,Nathan,Parker,fwalker@example.net,5/19/1968,M,4270144636,2/11/2020,Security - Network,Cybersecurity,Junior Associate,12,2026-06-23 11:40:57.865495,LCK_20260623_114057_XAJI0Y
E00496,David,Wong,ahouse@example.org,7/13/1993,M,4424423262,5/12/2022,Payroll_Management,Human_Resources,Associate,11,2026-06-23 11:40:57.865495,LCK_20260623_114057_XAJI0Y
E00497,Michael,Williams,morrisamy@example.org,11/6/1964,M,8877195178,6/10/2011,Payroll_Management,Human_Resources,Junior Associate,12,2026-06-23 11:40:57.865495,LCK_20260623_114057_XAJI0Y
E00498,Michael,Mclean,bruceedward@example.org,9/24/1978,M,4664748550,2/27/2018,Agile - Scrum,Product_Management,Associate,11,2026-06-23 11:40:57.865495,LCK_20260623_114057_XAJI0Y
E00499,Elizabeth,Hart,carl23@example.net,6/20/1970,F,4696961735,12/24/2016,Data_Engineering - SQL,Data_Analytics,Junior Associate,12,2026-06-23 11:40:57.865495,LCK_20260623_114057_XAJI0Y
E00500,Dillon,Mayo,paul69@example.net,1/21/1983,M,5716142566,1/14/2025,Data_Analysis - Python,Data_Analytics,Manager,7,2026-06-23 11:40:57.865495,LCK_20260623_114057_XAJI0Y
