enrollment_id,Emp_ID,course_id,enrollment_date,training_provider,course_status
En00785,E0501,C0047,2025-10-26,T0026,Cancelled
En00786,E0502,C0015,2025-07-26,T0053,Completed
En00787,E0502,C0040,2022-06-21,T0194,Completed
En00788,E0503,C0025,2023-09-13,T0017,In Progress
En00789,E0503,C0028,2023-12-15,T0072,Enrolled
En00790,E0504,C0046,2024-07-12,T0070,In Progress
En00791,E0504,C0041,2024-07-06,T0063,Completed
En00792,E0505,C0038,2021-02-25,T0117,Completed
En00793,E0506,C0026,2024-08-24,T0087,Enrolled
En00794,E0508,C0030,2023-11-03,T0135,Completed
En00795,E0508,C0014,2021-07-22,T0149,Completed
En00796,E0509,C0034,2022-11-10,T0105,In Progress
En00797,E0510,C0013,2025-12-22,T0126,Cancelled
En00798,E0510,C0044,2025-01-20,T0182,Completed
En00799,E0511,C0039,2023-09-13,T0170,Completed
En00800,E0511,C0017,2024-12-03,T0180,Cancelled
En00801,E0511,C0018,2023-01-22,T0025,Completed
En00802,E0512,C0020,2023-08-28,T0076,Enrolled
En00803,E0512,C0005,2025-04-10,T0004,Enrolled
En00804,E0512,C0010,2025-12-08,T0000,Enrolled
En00805,E0513,C0030,2023-07-17,T0055,Enrolled
En00806,E0513,C0028,2023-11-23,T0150,Completed
En00807,E0516,C0028,2024-06-03,T0150,Cancelled
En00808,E0517,C0021,2024-01-08,T0030,Completed
En00809,E0517,C0024,2023-02-12,T0091,In Progress
En00810,E0518,C0020,2024-03-01,T0076,Enrolled
En00811,E0519,C0010,2025-12-13,T0000,Cancelled
En00812,E0519,C0021,2024-09-02,T0030,Cancelled
En00813,E0519,C0048,2025-09-23,T0086,Completed
En00814,E0520,C0010,2025-05-07,T0000,Completed
En00815,E0520,C0030,2023-05-25,T0169,Completed
En00816,E0521,C0030,2023-07-10,T0135,Completed
En00817,E0524,C0025,2022-04-21,T0012,Completed
En00818,E0524,C0028,2023-11-10,T0150,Completed
En00819,E0525,C0018,2023-01-02,T0192,Completed
En00820,E0525,C0026,2024-12-08,T0106,Completed
En00821,E0526,C0006,2022-02-17,T0184,Cancelled
En00822,E0527,C0050,2023-02-21,T0147,In Progress
En00823,E0527,C0018,2023-02-21,T0136,In Progress
En00824,E0528,C0026,2024-02-19,T0081,Cancelled
En00825,E0528,C0033,2023-05-04,T0144,Enrolled
En00826,E0529,C0041,2024-03-05,T0063,In Progress
En00827,E0529,C0013,2025-06-17,T0156,In Progress
En00828,E0529,C0048,2026-02-26,T0096,Completed
En00829,E0530,C0025,2022-04-24,T0017,Cancelled
En00830,E0530,C0007,2026-01-23,T0029,Enrolled
En00831,E0530,C0017,2025-12-16,T0005,Completed
En00832,E0531,C0011,2023-12-10,T0121,Completed
En00833,E0532,C0021,2024-06-25,T0030,Completed
En00834,E0532,C0025,2023-06-01,T0012,In Progress
En00835,E0533,C0050,2021-07-25,T0021,Completed
En00836,E0534,C0027,2022-01-16,T0158,Completed
En00837,E0534,C0028,2024-08-05,T0150,Cancelled
En00838,E0535,C0019,2025-06-03,T0197,Enrolled
En00839,E0536,C0025,2022-11-25,T0017,Cancelled
En00840,E0537,C0043,2024-12-21,T0074,Completed
En00841,E0538,C0031,2021-06-09,T0084,Completed
En00842,E0538,C0028,2023-12-03,T0040,Completed
En00843,E0539,C0030,2023-07-21,T0055,Enrolled
En00844,E0540,C0025,2023-08-31,T0012,Completed
En00845,E0540,C0028,2024-06-12,T0072,Completed
En00846,E0541,C0030,2024-01-27,T0135,Completed
En00847,E0541,C0033,2022-11-05,T0157,In Progress
En00848,E0543,C0039,2023-08-11,T0170,In Progress
En00849,E0543,C0033,2022-10-26,T0131,In Progress
En00850,E0543,C0002,2020-10-07,T0032,Completed
En00851,E0544,C0024,2022-07-29,T0153,Completed
En00852,E0545,C0033,2023-06-26,T0101,Cancelled
En00853,E0545,C0040,2022-01-13,T0166,Completed
En00854,E0545,C0025,2022-10-11,T0142,Completed
En00855,E0546,C0033,2023-03-27,T0073,Completed
En00856,E0546,C0002,2021-06-13,T0057,In Progress
En00857,E0547,C0033,2023-06-18,T0122,In Progress
En00858,E0548,C0027,2021-10-24,T0058,In Progress
En00859,E0548,C0046,2023-08-28,T0070,Cancelled
En00860,E0548,C0006,2021-11-26,T0178,In Progress
En00861,E0549,C0016,2022-10-14,T0191,Cancelled
En00862,E0549,C0047,2025-10-28,T0064,Completed
En00863,E0550,C0030,2023-06-08,T0055,Enrolled
En00864,E0551,C0014,2021-08-19,T0149,In Progress
En00865,E0552,C0024,2023-02-16,T0153,In Progress
En00866,E0553,C0040,2022-04-12,T0167,Completed
En00867,E0553,C0021,2024-01-16,T0030,Cancelled
En00868,E0553,C0046,2023-04-28,T0070,Enrolled
En00869,E0555,C0047,2025-06-17,T0026,Cancelled
En00870,E0555,C0014,2021-12-15,T0013,Enrolled
En00871,E0556,C0046,2024-03-18,T0070,Enrolled
En00872,E0556,C0041,2024-01-10,T0063,Completed
En00873,E0556,C0025,2022-08-26,T0017,Enrolled
En00874,E0557,C0005,2025-05-16,T0183,Cancelled
En00875,E0557,C0019,2026-01-18,T0197,Cancelled
En00876,E0558,C0037,2026-01-21,T0133,Completed
En00877,E0558,C0019,2026-02-17,T0077,Cancelled
En00878,E0558,C0034,2022-11-01,T0146,In Progress
En00879,E0559,C0038,2020-06-26,T0116,In Progress
En00880,E0559,C0034,2022-09-05,T0043,In Progress
En00881,E0560,C0042,2022-03-17,T0034,In Progress
En00882,E0560,C0045,2024-01-14,T0023,Completed
En00883,E0561,C0005,2025-04-12,T0004,Completed
En00884,E0562,C0025,2022-09-28,T0142,Cancelled
En00885,E0563,C0038,2020-09-23,T0028,In Progress
En00886,E0564,C0014,2022-01-17,T0149,Completed
En00887,E0564,C0025,2023-02-04,T0012,Completed
En00888,E0566,C0017,2024-09-14,T0005,Cancelled
En00889,E0569,C0043,2024-11-08,T0089,Completed
En00890,E0570,C0026,2024-09-19,T0106,Completed
En00891,E0571,C0032,2021-05-14,T0047,Completed
En00892,E0573,C0021,2024-10-15,T0030,In Progress
En00893,E0573,C0041,2024-02-26,T0063,Enrolled
En00894,E0574,C0043,2025-07-05,T0074,Completed
En00895,E0574,C0033,2022-09-26,T0073,In Progress
En00896,E0574,C0035,2021-11-03,T0164,Enrolled
En00897,E0575,C0047,2026-01-06,T0026,Cancelled
En00898,E0576,C0007,2025-10-26,T0029,Completed
En00899,E0577,C0032,2021-04-20,T0007,Completed
En00900,E0578,C0028,2023-11-11,T0150,Enrolled
En00901,E0578,C0045,2023-10-06,T0023,Enrolled
En00902,E0578,C0018,2022-12-15,T0136,Completed
En00903,E0579,C0010,2025-10-31,T0000,Completed
En00904,E0579,C0024,2023-04-09,T0153,Completed
En00905,E0580,C0034,2023-01-04,T0105,In Progress
En00906,E0580,C0021,2024-06-27,T0030,Enrolled
En00907,E0580,C0007,2025-11-17,T0102,In Progress
En00908,E0581,C0027,2021-12-30,T0158,Completed
En00909,E0582,C0017,2026-06-15,T0005,In Progress
En00910,E0583,C0028,2024-05-24,T0150,Enrolled
En00911,E0583,C0025,2023-09-05,T0017,Completed
En00912,E0584,C0046,2023-03-22,T0070,Enrolled
En00913,E0586,C0043,2024-08-17,T0137,Enrolled
En00914,E0587,C0013,2026-03-17,T0156,Cancelled
En00915,E0587,C0033,2023-05-13,T0122,Enrolled
En00916,E0587,C0030,2023-08-24,T0169,Completed
En00917,E0588,C0030,2023-12-28,T0169,Enrolled
En00918,E0588,C0040,2022-03-28,T0167,Completed
En00919,E0588,C0019,2025-06-28,T0065,Cancelled
En00920,E0589,C0030,2023-06-21,T0055,Completed
En00921,E0589,C0011,2024-08-07,T0199,Completed
En00922,E0589,C0031,2021-07-26,T0084,Completed
En00923,E0590,C0013,2025-11-06,T0156,Cancelled
En00924,E0591,C0033,2023-02-18,T0131,In Progress
En00925,E0591,C0024,2022-11-19,T0107,Completed
En00926,E0591,C0019,2025-11-20,T0197,In Progress
En00927,E0592,C0040,2021-08-28,T0115,Cancelled
En00928,E0593,C0044,2025-05-29,T0038,Completed
En00929,E0593,C0019,2025-10-08,T0065,Enrolled
En00930,E0593,C0034,2022-10-26,T0105,Enrolled
En00931,E0594,C0007,2026-01-12,T0061,Cancelled
En00932,E0595,C0027,2021-07-25,T0158,Cancelled
En00933,E0596,C0039,2024-02-25,T0170,Cancelled
En00934,E0596,C0025,2022-07-02,T0037,Completed
En00935,E0597,C0028,2024-03-19,T0018,Completed
En00936,E0597,C0027,2023-10-18,T0161,In Progress
En00937,E0598,C0032,2021-06-16,T0015,Completed
En00938,E0598,C0022,2025-03-16,T0168,Completed
En00939,E0598,C0014,2021-10-24,T0149,Completed
En00940,E0599,C0025,2022-07-07,T0142,Completed
En00941,E0600,C0033,2022-11-13,T0157,Completed
En00942,E0601,C0017,2024-06-24,T0180,Completed
En00943,E0602,C0032,2021-10-09,T0108,Completed
En00944,E0603,C0042,2023-01-30,T0034,In Progress
En00945,E0604,C0022,2025-06-05,T0168,Enrolled
En00946,E0604,C0042,2022-04-29,T0011,Completed
En00947,E0604,C0037,2026-04-10,T0002,In Progress
En00948,E0605,C0018,2022-09-17,T0025,In Progress
En00949,E0605,C0020,2024-05-18,T0076,In Progress
En00950,E0605,C0007,2026-05-24,T0061,Completed
En00951,E0606,C0023,2024-02-11,T0050,In Progress
En00952,E0607,C0011,2024-03-13,T0104,Completed
En00953,E0609,C0050,2021-04-06,T0125,In Progress
En00954,E0609,C0005,2025-02-26,T0198,Enrolled
En00955,E0610,C0013,2025-11-06,T0126,Cancelled
En00956,E0610,C0014,2022-05-09,T0013,Enrolled
En00957,E0610,C0035,2022-05-09,T0035,Enrolled
En00958,E0611,C0025,2023-02-20,T0037,Completed
En00959,E0611,C0032,2021-08-14,T0108,In Progress
En00960,E0612,C0033,2022-10-06,T0122,Cancelled
En00961,E0613,C0032,2022-01-25,T0047,In Progress
En00962,E0613,C0023,2024-06-04,T0196,Enrolled
En00963,E0614,C0023,2024-05-29,T0162,Cancelled
En00964,E0614,C0014,2022-01-24,T0149,In Progress
En00965,E0614,C0033,2023-01-06,T0080,In Progress
En00966,E0615,C0027,2021-09-03,T0158,In Progress
En00967,E0616,C0013,2025-09-11,T0156,Enrolled
En00968,E0616,C0032,2022-04-01,T0015,Cancelled
En00969,E0616,C0014,2021-08-15,T0149,Completed
En00970,E0617,C0044,2025-01-06,T0038,Completed
En00971,E0617,C0016,2021-01-08,T0191,In Progress
En00972,E0618,C0018,2023-02-04,T0190,Enrolled
En00973,E0619,C0007,2025-10-23,T0029,Enrolled
En00974,E0619,C0006,2021-11-17,T0184,Completed
En00975,E0619,C0024,2022-06-20,T0153,Completed
En00976,E0620,C0010,2025-06-27,T0000,In Progress
En00977,E0620,C0032,2021-04-23,T0047,Cancelled
En00978,E0622,C0003,2024-05-30,T0181,Cancelled
En00979,E0624,C0038,2020-08-10,T0116,Cancelled
En00980,E0624,C0016,2020-12-17,T0191,Cancelled
En00981,E0625,C0018,2022-08-25,T0192,Completed
En00982,E0625,C0011,2023-12-21,T0199,Completed
En00983,E0625,C0019,2026-03-01,T0197,Completed
En00984,E0626,C0027,2021-11-19,T0088,In Progress
En00985,E0627,C0050,2024-06-20,T0147,Cancelled
En00986,E0627,C0020,2024-09-10,T0113,Enrolled
En00987,E0628,C0028,2024-05-05,T0018,Enrolled
En00988,E0628,C0033,2023-06-11,T0080,In Progress
En00989,E0628,C0030,2023-10-15,T0135,Enrolled
En00990,E0629,C0019,2026-01-07,T0065,Cancelled
En00991,E0630,C0040,2022-01-03,T0167,Completed
En00992,E0631,C0010,2025-12-14,T0000,Completed
En00993,E0631,C0033,2023-06-21,T0080,Enrolled
En00994,E0632,C0022,2025-05-08,T0068,Completed
En00995,E0632,C0033,2022-12-06,T0073,Cancelled
En00996,E0634,C0029,2025-04-15,T0186,Completed
En00997,E0634,C0004,2026-02-08,T0151,In Progress
En00998,E0634,C0038,2021-05-26,T0116,Completed
En00999,E0635,C0015,2025-08-06,T0027,Enrolled
En01000,E0636,C0040,2022-07-28,T0167,Enrolled
En01001,E0637,C0016,2021-03-12,T0191,Cancelled
En01002,E0639,C0028,2023-11-22,T0040,Completed
En01003,E0641,C0027,2024-08-04,T0158,In Progress
En01004,E0641,C0039,2024-08-04,T0139,Cancelled
En01005,E0642,C0003,2023-06-18,T0112,Completed
En01006,E0642,C0017,2024-06-10,T0005,Completed
En01007,E0642,C0019,2025-12-24,T0077,In Progress
En01008,E0643,C0031,2022-02-20,T0111,Cancelled
En01009,E0643,C0050,2021-08-23,T0125,Completed
En01010,E0643,C0042,2023-03-14,T0060,Cancelled
En01011,E0644,C0050,2020-11-08,T0021,Enrolled
En01012,E0644,C0022,2026-04-06,T0068,Completed
En01013,E0644,C0030,2023-05-08,T0169,In Progress
En01014,E0645,C0025,2023-09-22,T0037,Completed
En01015,E0645,C0050,2023-08-17,T0103,In Progress
En01016,E0645,C0046,2024-06-03,T0070,Cancelled
En01017,E0647,C0013,2025-11-18,T0156,Completed
En01018,E0648,C0025,2023-10-15,T0037,Completed
En01019,E0648,C0028,2024-05-23,T0018,In Progress
En01020,E0648,C0027,2022-03-13,T0158,Completed
En01021,E0649,C0025,2023-10-13,T0017,Completed
En01022,E0649,C0027,2022-03-24,T0158,Completed
En01023,E0650,C0025,2022-11-21,T0037,Enrolled
En01024,E0651,C0027,2021-04-16,T0088,Cancelled
En01025,E0652,C0026,2024-10-01,T0130,Enrolled
En01026,E0652,C0040,2023-11-29,T0166,In Progress
En01027,E0653,C0033,2023-05-31,T0122,Completed
En01028,E0654,C0034,2022-07-10,T0105,In Progress
En01029,E0654,C0002,2021-06-30,T0031,Enrolled
En01030,E0655,C0020,2023-09-08,T0076,In Progress
En01031,E0656,C0037,2025-06-11,T0154,Completed
En01032,E0656,C0047,2025-07-14,T0041,In Progress
En01033,E0657,C0008,2025-01-15,T0066,Completed
En01034,E0657,C0006,2022-03-24,T0098,In Progress
En01035,E0657,C0031,2021-10-28,T0111,In Progress
En01036,E0658,C0021,2024-02-10,T0030,Enrolled
En01037,E0658,C0047,2025-08-11,T0109,Cancelled
En01038,E0659,C0047,2025-09-14,T0026,Enrolled
En01039,E0659,C0016,2021-01-23,T0085,Enrolled
En01040,E0660,C0025,2022-06-08,T0012,In Progress
En01041,E0661,C0023,2024-11-10,T0162,Cancelled
En01042,E0661,C0017,2026-03-19,T0180,Completed
En01043,E0661,C0002,2021-06-18,T0171,Completed
En01044,E0662,C0033,2023-05-03,T0101,Cancelled
En01045,E0663,C0005,2025-04-22,T0183,Cancelled
En01046,E0663,C0002,2020-08-29,T0057,Completed
En01047,E0664,C0023,2024-07-18,T0160,Cancelled
En01048,E0664,C0021,2024-10-15,T0030,Completed
En01049,E0665,C0030,2024-02-11,T0169,Enrolled
En01050,E0665,C0027,2021-12-25,T0161,In Progress
En01051,E0666,C0047,2025-09-06,T0041,Completed
En01052,E0666,C0038,2021-02-26,T0082,Completed
En01053,E0667,C0025,2022-08-09,T0142,In Progress
En01054,E0668,C0050,2021-06-23,T0094,In Progress
En01055,E0668,C0044,2024-09-01,T0038,Completed
En01056,E0669,C0045,2023-08-05,T0023,Cancelled
En01057,E0669,C0025,2022-04-14,T0017,Completed
En01058,E0669,C0032,2022-03-30,T0047,In Progress
En01059,E0670,C0006,2021-12-06,T0178,Completed
En01060,E0671,C0041,2024-03-21,T0063,In Progress
En01061,E0671,C0046,2023-04-01,T0070,Completed
En01062,E0671,C0024,2023-04-07,T0153,Completed
En01063,E0672,C0029,2025-12-13,T0024,Enrolled
En01064,E0672,C0014,2021-09-10,T0039,Enrolled
En01065,E0673,C0020,2024-07-25,T0076,Enrolled
En01066,E0674,C0018,2022-12-16,T0025,Enrolled
En01067,E0674,C0015,2026-03-29,T0049,Enrolled
En01068,E0675,C0011,2024-05-26,T0199,Cancelled
En01069,E0675,C0023,2024-09-20,T0160,Completed
En01070,E0675,C0030,2023-08-06,T0135,Completed
En01071,E0676,C0043,2025-01-20,T0100,Enrolled
En01072,E0677,C0025,2023-08-21,T0037,Enrolled
En01073,E0677,C0022,2026-02-11,T0068,Enrolled
En01074,E0678,C0031,2024-12-05,T0152,Completed
En01075,E0678,C0044,2025-05-16,T0095,Completed
En01076,E0678,C0034,2024-12-05,T0105,Cancelled
En01077,E0679,C0047,2025-12-14,T0064,In Progress
En01078,E0680,C0033,2025-02-21,T0122,Enrolled
En01079,E0680,C0019,2026-03-12,T0065,Completed
En01080,E0682,C0050,2021-01-11,T0147,Enrolled
En01081,E0682,C0023,2024-03-24,T0132,Completed
En01082,E0683,C0038,2021-04-14,T0116,In Progress
En01083,E0684,C0038,2020-09-22,T0176,In Progress
En01084,E0685,C0028,2023-09-08,T0072,Cancelled
En01085,E0685,C0027,2021-06-10,T0088,Cancelled
En01086,E0686,C0038,2022-07-24,T0078,Completed
En01087,E0687,C0041,2024-09-15,T0173,Completed
En01088,E0687,C0047,2025-12-02,T0109,In Progress
En01089,E0687,C0030,2023-11-18,T0135,In Progress
En01090,E0688,C0039,2025-04-16,T0019,In Progress
En01091,E0688,C0046,2025-04-16,T0114,Cancelled
En01092,E0689,C0031,2021-05-23,T0010,Cancelled
En01093,E0689,C0041,2024-04-21,T0173,Completed
En01094,E0689,C0026,2025-01-17,T0130,In Progress
En01095,E0690,C0026,2025-03-06,T0087,Completed
En01096,E0690,C0047,2025-08-12,T0109,Enrolled
En01097,E0691,C0024,2022-04-17,T0091,Enrolled
En01098,E0692,C0027,2021-05-20,T0161,In Progress
En01099,E0692,C0028,2024-01-15,T0072,Enrolled
En01100,E0693,C0040,2021-09-09,T0115,Enrolled
En01101,E0693,C0043,2025-05-26,T0089,Cancelled
En01102,E0693,C0048,2025-10-06,T0067,Enrolled
En01103,E0694,C0026,2024-04-23,T0118,Completed
En01104,E0694,C0027,2021-11-22,T0058,Completed
En01105,E0695,C0025,2022-09-26,T0012,In Progress
En01106,E0696,C0047,2025-06-08,T0069,In Progress
En01107,E0697,C0006,2022-05-07,T0178,Enrolled
En01108,E0698,C0035,2021-08-20,T0127,Completed
En01109,E0698,C0008,2025-02-12,T0006,Cancelled
En01110,E0698,C0044,2025-07-29,T0095,Enrolled
En01111,E0699,C0028,2023-09-29,T0018,Completed
En01112,E0700,C0028,2024-03-09,T0072,Enrolled
En01113,E0700,C0025,2023-08-14,T0142,Completed
En01114,E0701,C0017,2025-10-17,T0005,Enrolled
En01115,E0701,C0016,2024-01-08,T0085,Completed
En01116,E0701,C0046,2024-04-10,T0114,Enrolled
En01117,E0702,C0027,2022-04-21,T0158,Completed
En01118,E0704,C0035,2021-11-29,T0164,Completed
En01119,E0704,C0014,2022-01-07,T0013,Completed
En01120,E0705,C0044,2024-08-15,T0095,Enrolled
En01121,E0705,C0013,2025-06-19,T0126,Enrolled
En01122,E0705,C0015,2026-04-20,T0049,Completed
En01123,E0706,C0025,2022-05-30,T0017,Completed
En01124,E0707,C0007,2026-04-20,T0029,Cancelled
En01125,E0710,C0015,2025-08-19,T0044,Cancelled
En01126,E0711,C0028,2024-02-11,T0150,In Progress
En01127,E0712,C0028,2024-06-12,T0040,In Progress
En01128,E0712,C0027,2021-07-15,T0058,Completed
En01129,E0713,C0028,2024-08-13,T0072,Completed
En01130,E0715,C0027,2024-09-23,T0058,Enrolled
En01131,E0716,C0050,2020-12-23,T0147,Cancelled
En01132,E0716,C0003,2024-05-05,T0112,Completed
En01133,E0717,C0041,2024-01-20,T0063,Completed
En01134,E0718,C0017,2025-11-04,T0005,Enrolled
En01135,E0718,C0027,2021-05-24,T0158,Cancelled
En01136,E0718,C0034,2022-11-16,T0146,In Progress
En01137,E0719,C0025,2022-11-13,T0037,Enrolled
En01138,E0719,C0030,2023-06-29,T0055,Completed
En01139,E0720,C0015,2026-01-13,T0053,In Progress
En01140,E0720,C0002,2020-10-03,T0057,Completed
En01141,E0721,C0007,2025-11-18,T0014,Completed
En01142,E0721,C0029,2025-07-24,T0046,In Progress
En01143,E0722,C0035,2021-02-06,T0164,In Progress
En01144,E0723,C0045,2023-11-13,T0023,In Progress
En01145,E0723,C0021,2024-01-08,T0030,Completed
En01146,E0724,C0021,2023-12-18,T0030,In Progress
En01147,E0724,C0004,2026-04-07,T0151,Completed
En01148,E0725,C0028,2023-10-31,T0018,Cancelled
En01149,E0726,C0047,2025-09-18,T0069,Enrolled
En01150,E0726,C0048,2025-11-25,T0096,Completed
En01151,E0727,C0005,2025-03-05,T0183,Cancelled
En01152,E0728,C0032,2022-12-23,T0079,In Progress
En01153,E0728,C0038,2022-12-23,T0176,Cancelled
En01154,E0730,C0036,2024-06-15,T0155,Completed
En01155,E0731,C0032,2022-07-06,T0159,Completed
En01156,E0731,C0046,2024-06-27,T0070,Enrolled
En01157,E0733,C0032,2021-11-10,T0015,Enrolled
En01158,E0733,C0040,2022-01-26,T0166,Completed
En01159,E0734,C0040,2022-06-16,T0115,Cancelled
En01160,E0734,C0038,2021-06-11,T0078,Cancelled
En01161,E0735,C0005,2024-09-13,T0183,Completed
En01162,E0736,C0037,2026-01-16,T0002,In Progress
En01163,E0736,C0042,2023-05-05,T0034,Completed
En01164,E0737,C0006,2022-05-01,T0098,In Progress
En01165,E0737,C0048,2025-08-25,T0096,In Progress
En01166,E0738,C0014,2022-02-04,T0149,Completed
En01167,E0738,C0025,2022-11-14,T0017,In Progress
En01168,E0738,C0010,2025-08-04,T0000,Completed
En01169,E0739,C0028,2024-05-18,T0018,Completed
En01170,E0739,C0038,2020-08-16,T0116,Enrolled
En01171,E0740,C0031,2023-03-10,T0084,In Progress
En01172,E0742,C0040,2021-11-20,T0167,Enrolled
En01173,E0743,C0034,2022-11-05,T0043,Cancelled
En01174,E0743,C0007,2025-09-10,T0061,In Progress
En01175,E0743,C0019,2026-02-21,T0065,Completed
En01176,E0744,C0026,2024-02-28,T0087,Cancelled
En01177,E0744,C0045,2024-03-11,T0093,In Progress
En01178,E0744,C0034,2022-09-26,T0146,Completed
En01179,E0745,C0021,2024-05-09,T0030,Completed
En01180,E0747,C0040,2025-03-10,T0167,Completed
En01181,E0747,C0019,2025-08-06,T0065,In Progress
En01182,E0747,C0041,2025-03-10,T0173,Completed
En01183,E0748,C0030,2023-10-12,T0135,Enrolled
En01184,E0748,C0015,2025-06-21,T0053,Enrolled
En01185,E0749,C0020,2023-08-29,T0113,Cancelled
En01186,E0750,C0027,2021-11-21,T0158,Enrolled
En01187,E0750,C0007,2026-06-05,T0061,Completed
En01188,E0750,C0041,2024-08-07,T0173,In Progress
En01189,E0751,C0050,2021-01-04,T0125,Cancelled
En01190,E0752,C0023,2024-08-24,T0050,In Progress
En01191,E0752,C0039,2024-02-26,T0170,Cancelled
En01192,E0753,C0028,2024-04-07,T0072,Enrolled
En01193,E0754,C0044,2025-06-04,T0052,Completed
En01194,E0754,C0015,2025-04-05,T0129,Enrolled
En01195,E0754,C0013,2025-11-07,T0156,Completed
En01196,E0755,C0028,2024-03-07,T0072,Enrolled
En01197,E0755,C0010,2025-09-16,T0000,In Progress
En01198,E0756,C0024,2022-11-27,T0091,In Progress
En01199,E0756,C0027,2022-04-11,T0161,Cancelled
En01200,E0757,C0021,2024-02-12,T0030,Cancelled
En01201,E0757,C0004,2026-04-09,T0151,Enrolled
En01202,E0758,C0002,2021-03-30,T0031,Enrolled
En01203,E0758,C0030,2023-10-05,T0135,Cancelled
En01204,E0759,C0027,2021-09-15,T0058,Cancelled
En01205,E0759,C0028,2024-06-20,T0150,Enrolled
En01206,E0760,C0026,2024-09-13,T0106,In Progress
En01207,E0760,C0034,2023-02-09,T0146,Completed
En01208,E0760,C0025,2023-03-02,T0037,Cancelled
En01209,E0761,C0028,2024-05-01,T0150,In Progress
En01210,E0764,C0017,2025-01-05,T0180,Cancelled
En01211,E0764,C0047,2025-09-21,T0026,Completed
En01212,E0764,C0007,2025-09-13,T0014,Completed
En01213,E0765,C0025,2025-02-28,T0012,In Progress
En01214,E0766,C0020,2024-08-26,T0076,Cancelled
En01215,E0767,C0016,2023-10-05,T0085,In Progress
En01216,E0767,C0046,2023-12-13,T0114,Enrolled
En01217,E0768,C0015,2025-10-12,T0123,In Progress
En01218,E0768,C0012,2021-07-17,T0174,In Progress
En01219,E0769,C0023,2023-12-25,T0162,Enrolled
En01220,E0769,C0040,2022-07-15,T0166,Completed
En01221,E0770,C0015,2025-10-10,T0123,Enrolled
En01222,E0770,C0017,2025-04-07,T0005,Enrolled
En01223,E0770,C0030,2024-01-23,T0135,In Progress
En01224,E0771,C0038,2023-11-07,T0082,Cancelled
En01225,E0773,C0038,2021-11-09,T0078,Enrolled
En01226,E0775,C0028,2024-07-02,T0018,In Progress
En01227,E0775,C0040,2021-10-06,T0115,Cancelled
En01228,E0777,C0028,2024-03-11,T0072,Completed
En01229,E0779,C0035,2021-12-10,T0164,Enrolled
En01230,E0780,C0014,2022-04-06,T0013,Cancelled
En01231,E0781,C0031,2022-07-09,T0111,Enrolled
En01232,E0783,C0032,2021-11-19,T0159,Completed
En01233,E0784,C0034,2024-10-24,T0043,Completed
En01234,E0784,C0032,2024-10-24,T0007,Completed
En01235,E0785,C0019,2025-06-03,T0056,Enrolled
En01236,E0785,C0001,2023-06-06,T0163,In Progress
En01237,E0785,C0031,2023-05-02,T0084,Completed
En01238,E0786,C0025,2022-10-27,T0037,Enrolled
En01239,E0786,C0028,2024-05-24,T0018,Cancelled
En01240,E0787,C0016,2024-09-24,T0085,Cancelled
En01241,E0787,C0022,2025-10-24,T0168,Completed
En01242,E0787,C0004,2026-01-21,T0151,Completed
En01243,E0788,C0024,2022-12-22,T0107,Completed
En01244,E0788,C0032,2022-02-17,T0159,In Progress
En01245,E0789,C0014,2021-10-23,T0013,Completed
En01246,E0789,C0025,2023-04-25,T0017,Enrolled
En01247,E0789,C0013,2026-05-09,T0126,Completed
En01248,E0790,C0025,2023-05-29,T0012,Completed
En01249,E0793,C0022,2025-09-28,T0168,In Progress
En01250,E0793,C0014,2022-07-07,T0149,Cancelled
En01251,E0793,C0003,2023-11-14,T0112,Completed
En01252,E0794,C0004,2025-11-05,T0151,Completed
En01253,E0794,C0024,2023-03-26,T0091,Cancelled
En01254,E0795,C0027,2021-10-09,T0158,Enrolled
En01255,E0795,C0018,2022-12-04,T0025,Completed
En01256,E0795,C0016,2021-01-28,T0191,Completed
En01257,E0796,C0041,2024-05-06,T0173,In Progress
En01258,E0796,C0038,2020-12-24,T0116,Enrolled
En01259,E0797,C0007,2025-11-28,T0061,Cancelled
En01260,E0798,C0017,2025-08-28,T0180,Enrolled
En01261,E0798,C0029,2025-10-30,T0099,Completed
En01262,E0798,C0014,2021-11-08,T0149,Cancelled
En01263,E0799,C0035,2021-08-28,T0035,In Progress
En01264,E0799,C0047,2025-10-22,T0069,Completed
En01265,E0800,C0028,2024-02-17,T0018,Completed
En01266,E0801,C0032,2025-02-16,T0007,Completed
En01267,E0802,C0031,2021-06-29,T0111,Enrolled
En01268,E0803,C0041,2024-07-24,T0173,Enrolled
En01269,E0803,C0023,2024-06-19,T0162,Completed
En01270,E0803,C0030,2023-11-12,T0169,In Progress
En01271,E0804,C0046,2023-05-17,T0114,Enrolled
En01272,E0804,C0038,2021-04-22,T0078,In Progress
En01273,E0805,C0020,2024-04-30,T0113,Enrolled
En01274,E0805,C0003,2023-11-18,T0112,In Progress
En01275,E0806,C0050,2022-04-12,T0147,In Progress
En01276,E0806,C0028,2023-09-16,T0072,Cancelled
En01277,E0807,C0022,2025-09-16,T0068,Completed
En01278,E0807,C0003,2023-08-31,T0112,Completed
En01279,E0808,C0014,2021-06-20,T0039,In Progress
En01280,E0808,C0031,2022-01-20,T0152,Completed
En01281,E0808,C0040,2022-06-19,T0194,In Progress
En01282,E0809,C0008,2025-03-30,T0193,Cancelled
En01283,E0809,C0014,2022-01-30,T0149,Cancelled
En01284,E0810,C0023,2024-08-31,T0196,Completed
En01285,E0811,C0028,2024-03-20,T0072,Cancelled
En01286,E0812,C0013,2025-06-30,T0156,In Progress
En01287,E0812,C0039,2023-12-19,T0139,Completed
En01288,E0813,C0017,2024-12-19,T0180,Completed
En01289,E0813,C0007,2025-11-07,T0014,In Progress
En01290,E0814,C0041,2024-06-17,T0063,Completed
En01291,E0814,C0040,2024-01-27,T0115,Cancelled
En01292,E0815,C0021,2024-05-02,T0030,Completed
En01293,E0815,C0006,2023-10-07,T0184,Completed
En01294,E0815,C0033,2023-10-07,T0131,Cancelled
En01295,E0816,C0011,2024-05-13,T0120,Cancelled
En01296,E0818,C0027,2021-05-21,T0088,In Progress
En01297,E0818,C0047,2025-09-13,T0069,In Progress
En01298,E0819,C0034,2022-12-24,T0105,Completed
En01299,E0819,C0046,2023-11-17,T0070,In Progress
En01300,E0820,C0039,2024-02-09,T0139,Enrolled
En01301,E0820,C0040,2021-09-14,T0115,Completed
En01302,E0820,C0049,2024-04-06,T0003,Completed
En01303,E0821,C0028,2023-10-08,T0040,In Progress
En01304,E0823,C0013,2026-04-17,T0126,Cancelled
En01305,E0824,C0033,2023-04-01,T0071,In Progress
En01306,E0825,C0033,2023-05-14,T0157,Completed
En01307,E0825,C0035,2021-04-24,T0035,In Progress
En01308,E0825,C0016,2020-12-17,T0191,Completed
En01309,E0826,C0014,2021-10-01,T0013,Completed
En01310,E0826,C0032,2022-04-02,T0079,Completed
En01311,E0826,C0013,2026-05-15,T0156,Cancelled
En01312,E0827,C0041,2024-03-15,T0063,Enrolled
En01313,E0827,C0038,2023-10-03,T0116,Cancelled
En01314,E0828,C0038,2022-12-14,T0028,Cancelled
En01315,E0828,C0044,2025-06-24,T0052,Cancelled
En01316,E0828,C0023,2024-07-09,T0132,In Progress
En01317,E0829,C0028,2023-11-17,T0018,In Progress
En01318,E0829,C0014,2022-07-13,T0013,Enrolled
En01319,E0830,C0028,2023-11-18,T0018,Enrolled
En01320,E0831,C0027,2021-11-05,T0161,Cancelled
En01321,E0831,C0028,2024-05-02,T0018,In Progress
En01322,E0832,C0026,2024-05-31,T0087,Cancelled
En01323,E0832,C0046,2023-11-27,T0114,In Progress
En01324,E0833,C0043,2025-06-07,T0089,Completed
En01325,E0833,C0022,2025-07-07,T0068,Completed
En01326,E0834,C0015,2026-05-01,T0049,Cancelled
En01327,E0834,C0038,2020-12-01,T0176,In Progress
En01328,E0834,C0003,2023-11-28,T0181,In Progress
En01329,E0835,C0021,2024-07-19,T0030,Enrolled
En01330,E0835,C0028,2023-09-22,T0018,In Progress
En01331,E0835,C0033,2023-01-03,T0157,Cancelled
En01332,E0836,C0017,2025-12-23,T0005,Enrolled
En01333,E0836,C0006,2022-01-15,T0178,Cancelled
En01334,E0836,C0031,2021-11-07,T0084,Cancelled
En01335,E0837,C0023,2024-08-28,T0050,Completed
En01336,E0838,C0032,2021-05-31,T0047,Completed
En01337,E0838,C0022,2025-07-16,T0168,Cancelled
En01338,E0839,C0027,2023-07-11,T0158,Completed
En01339,E0840,C0020,2024-05-27,T0113,Enrolled
En01340,E0841,C0006,2023-10-13,T0098,Enrolled
En01341,E0841,C0030,2023-12-18,T0055,Completed
En01342,E0842,C0013,2026-03-12,T0126,Completed
En01343,E0842,C0033,2022-12-06,T0080,Completed
En01344,E0843,C0031,2021-12-01,T0010,In Progress
En01345,E0843,C0049,2024-04-02,T0003,Cancelled
En01346,E0845,C0010,2026-03-04,T0000,Cancelled
En01347,E0846,C0014,2021-05-11,T0039,In Progress
En01348,E0847,C0028,2023-11-09,T0018,Enrolled
En01349,E0848,C0030,2024-01-03,T0135,Completed
En01350,E0848,C0033,2023-06-23,T0080,In Progress
En01351,E0850,C0040,2022-07-23,T0167,In Progress
En01352,E0851,C0039,2023-09-10,T0170,Cancelled
En01353,E0851,C0032,2021-10-28,T0007,In Progress
En01354,E0854,C0024,2022-11-03,T0091,Enrolled
En01355,E0856,C0020,2024-03-02,T0113,In Progress
En01356,E0856,C0010,2025-06-07,T0000,Enrolled
En01357,E0856,C0023,2024-07-24,T0160,Completed
En01358,E0857,C0005,2025-02-16,T0183,Cancelled
En01359,E0857,C0039,2023-12-20,T0170,Completed
En01360,E0858,C0022,2025-04-11,T0068,Completed
En01361,E0858,C0007,2026-05-25,T0014,In Progress
En01362,E0858,C0035,2024-10-05,T0035,Cancelled
En01363,E0859,C0032,2021-09-16,T0015,Cancelled
En01364,E0860,C0031,2022-01-04,T0084,Completed
En01365,E0860,C0025,2023-09-18,T0142,In Progress
En01366,E0861,C0017,2025-07-31,T0180,In Progress
En01367,E0861,C0047,2025-06-13,T0109,Enrolled
En01368,E0861,C0030,2023-12-25,T0055,Completed
En01369,E0862,C0039,2024-03-24,T0170,In Progress
En01370,E0862,C0033,2023-01-18,T0131,Cancelled
En01371,E0863,C0016,2020-11-11,T0085,Enrolled
En01372,E0863,C0033,2023-01-15,T0073,In Progress
En01373,E0863,C0034,2022-07-05,T0043,In Progress
En01374,E0864,C0046,2023-02-19,T0070,Completed
En01375,E0864,C0007,2026-03-02,T0102,Cancelled
En01376,E0866,C0025,2022-08-20,T0017,Enrolled
En01377,E0868,C0038,2021-05-03,T0078,Cancelled
En01378,E0869,C0047,2025-09-24,T0140,Enrolled
En01379,E0870,C0030,2024-03-18,T0169,Enrolled
En01380,E0871,C0013,2025-10-30,T0126,Enrolled
En01381,E0871,C0037,2025-05-01,T0002,Enrolled
En01382,E0873,C0025,2023-07-13,T0142,Completed
En01383,E0874,C0013,2025-11-15,T0075,Enrolled
En01384,E0874,C0041,2024-09-29,T0173,Cancelled
En01385,E0874,C0014,2024-08-05,T0013,Completed
En01386,E0875,C0025,2023-03-03,T0012,In Progress
En01387,E0875,C0027,2022-04-02,T0161,Cancelled
En01388,E0876,C0017,2024-08-09,T0180,Completed
En01389,E0876,C0018,2022-04-27,T0192,In Progress
En01390,E0876,C0044,2024-11-23,T0052,Completed
En01391,E0877,C0028,2023-10-29,T0072,Completed
En01392,E0878,C0014,2024-05-08,T0039,Completed
En01393,E0878,C0041,2024-06-02,T0173,Cancelled
En01394,E0879,C0028,2025-04-17,T0040,In Progress
En01395,E0881,C0019,2025-05-29,T0077,Cancelled
En01396,E0881,C0006,2021-09-23,T0098,Cancelled
En01397,E0882,C0014,2021-11-22,T0013,Cancelled
En01398,E0882,C0018,2022-08-27,T0025,Completed
En01399,E0883,C0047,2025-07-31,T0041,Cancelled
En01400,E0883,C0028,2024-05-12,T0018,Completed
En01401,E0884,C0006,2021-07-25,T0184,Enrolled
En01402,E0884,C0008,2024-10-01,T0006,Cancelled
En01403,E0884,C0024,2022-07-02,T0107,Completed
En01404,E0885,C0039,2024-01-23,T0019,Enrolled
En01405,E0886,C0015,2026-03-31,T0129,Completed
En01406,E0887,C0014,2021-07-24,T0039,Completed
En01407,E0888,C0042,2023-02-12,T0119,In Progress
En01408,E0888,C0041,2024-06-13,T0173,Cancelled
En01409,E0889,C0014,2021-08-29,T0013,Completed
En01410,E0890,C0045,2023-11-24,T0023,In Progress
En01411,E0891,C0028,2024-07-16,T0040,Cancelled
En01412,E0891,C0025,2022-06-12,T0037,In Progress
En01413,E0892,C0019,2026-02-27,T0077,Completed
En01414,E0892,C0045,2023-11-08,T0093,Completed
En01415,E0892,C0029,2026-05-16,T0024,Cancelled
En01416,E0893,C0025,2022-07-09,T0012,Completed
En01417,E0893,C0048,2026-01-26,T0086,Enrolled
En01418,E0893,C0035,2021-09-14,T0164,In Progress
En01419,E0894,C0030,2023-10-05,T0169,In Progress
En01420,E0894,C0029,2025-06-09,T0009,Cancelled
En01421,E0894,C0047,2025-07-29,T0140,Completed
En01422,E0895,C0032,2021-10-06,T0015,Cancelled
En01423,E0896,C0027,2022-11-22,T0158,In Progress
En01424,E0896,C0028,2024-08-23,T0040,Completed
En01425,E0896,C0025,2023-07-12,T0012,Enrolled
En01426,E0897,C0022,2025-09-28,T0168,Enrolled
En01427,E0898,C0019,2025-12-23,T0065,Completed
En01428,E0898,C0025,2023-09-27,T0142,Completed
En01429,E0899,C0038,2021-05-11,T0116,Enrolled
En01430,E0900,C0046,2024-07-15,T0070,Completed
En01431,E0901,C0028,2024-07-17,T0018,Enrolled
En01432,E0901,C0025,2024-05-26,T0012,Completed
En01433,E0903,C0024,2022-09-08,T0153,Enrolled
En01434,E0903,C0015,2025-10-23,T0051,Enrolled
En01435,E0904,C0031,2022-01-07,T0010,Enrolled
En01436,E0904,C0026,2024-08-13,T0081,Cancelled
En01437,E0905,C0024,2022-12-15,T0107,Completed
En01438,E0907,C0027,2022-02-16,T0161,Completed
En01439,E0907,C0025,2023-05-15,T0017,Cancelled
En01440,E0908,C0013,2025-11-18,T0156,Enrolled
En01441,E0908,C0009,2021-12-18,T0145,Completed
En01442,E0908,C0024,2023-01-25,T0091,Completed
En01443,E0909,C0009,2022-07-31,T0001,Enrolled
En01444,E0909,C0042,2022-10-31,T0011,In Progress
En01445,E0909,C0033,2022-12-19,T0101,Cancelled
En01446,E0910,C0027,2021-11-10,T0058,Cancelled
En01447,E0910,C0028,2024-06-28,T0072,In Progress
En01448,E0911,C0027,2021-04-20,T0161,Cancelled
En01449,E0912,C0047,2025-08-19,T0069,Enrolled
En01450,E0913,C0031,2021-10-11,T0152,In Progress
En01451,E0913,C0038,2020-07-09,T0028,Completed
En01452,E0914,C0024,2022-11-07,T0097,Enrolled
En01453,E0914,C0036,2024-04-01,T0048,Completed
En01454,E0915,C0029,2025-08-24,T0099,Cancelled
En01455,E0916,C0020,2023-09-12,T0076,In Progress
En01456,E0916,C0014,2022-01-04,T0013,Completed
En01457,E0916,C0043,2024-07-27,T0137,Enrolled
En01458,E0917,C0049,2024-03-11,T0008,Cancelled
En01459,E0918,C0023,2024-08-25,T0162,Completed
En01460,E0920,C0027,2021-12-29,T0088,Completed
En01461,E0921,C0040,2022-07-11,T0167,Completed
En01462,E0921,C0014,2021-09-20,T0039,Cancelled
En01463,E0921,C0041,2024-02-08,T0173,Enrolled
En01464,E0922,C0031,2022-02-23,T0010,In Progress
En01465,E0922,C0050,2021-12-17,T0094,Completed
En01466,E0923,C0028,2024-02-14,T0072,Cancelled
En01467,E0923,C0039,2024-03-23,T0139,In Progress
En01468,E0924,C0025,2025-03-06,T0037,In Progress
En01469,E0924,C0031,2025-03-06,T0010,Cancelled
En01470,E0924,C0040,2025-03-06,T0115,Completed
En01471,E0925,C0017,2026-06-01,T0180,Completed
En01472,E0925,C0045,2023-06-18,T0093,Cancelled
En01473,E0925,C0042,2022-09-25,T0060,In Progress
En01474,E0926,C0027,2024-03-12,T0058,Completed
En01475,E0926,C0025,2024-03-12,T0017,Enrolled
En01476,E0927,C0030,2024-03-18,T0135,Cancelled
En01477,E0927,C0027,2021-07-19,T0088,Cancelled
En01478,E0928,C0039,2024-02-06,T0019,In Progress
En01479,E0928,C0021,2024-09-13,T0030,Enrolled
En01480,E0928,C0024,2023-03-05,T0153,Enrolled
En01481,E0929,C0008,2024-11-11,T0193,Completed
En01482,E0930,C0023,2024-01-20,T0196,Enrolled
En01483,E0930,C0014,2021-07-20,T0149,Cancelled
En01484,E0931,C0018,2022-10-13,T0190,Enrolled
En01485,E0931,C0022,2025-03-06,T0168,Completed
En01486,E0931,C0039,2024-01-17,T0139,Cancelled
En01487,E0932,C0028,2024-01-10,T0018,Completed
En01488,E0933,C0015,2025-02-23,T0053,Cancelled
En01489,E0933,C0024,2023-12-24,T0107,Enrolled
En01490,E0933,C0026,2024-05-26,T0106,Enrolled
En01491,E0934,C0016,2020-10-01,T0085,Cancelled
En01492,E0934,C0029,2025-05-22,T0024,Enrolled
En01493,E0935,C0028,2024-02-07,T0072,Enrolled
En01494,E0935,C0031,2021-06-20,T0010,Completed
En01495,E0935,C0022,2025-08-16,T0068,Cancelled
En01496,E0936,C0046,2023-10-06,T0070,Completed
En01497,E0936,C0013,2025-07-11,T0075,Cancelled
En01498,E0937,C0027,2021-10-07,T0158,Cancelled
En01499,E0937,C0042,2022-04-19,T0034,Enrolled
En01500,E0937,C0002,2021-01-09,T0016,In Progress
En01501,E0938,C0032,2022-03-02,T0079,Enrolled
En01502,E0938,C0018,2022-02-16,T0025,In Progress
En01503,E0938,C0034,2022-10-06,T0105,Enrolled
En01504,E0939,C0040,2021-12-25,T0115,Completed
En01505,E0940,C0038,2024-04-16,T0117,In Progress
En01506,E0941,C0032,2022-11-08,T0007,Enrolled
En01507,E0941,C0041,2023-11-26,T0063,Cancelled
En01508,E0941,C0025,2023-01-11,T0037,In Progress
En01509,E0942,C0027,2021-11-29,T0161,Enrolled
En01510,E0944,C0026,2024-03-18,T0087,In Progress
En01511,E0944,C0042,2023-01-15,T0060,In Progress
En01512,E0945,C0011,2024-07-30,T0120,Enrolled
En01513,E0945,C0002,2021-04-01,T0057,In Progress
En01514,E0946,C0017,2024-04-20,T0005,Enrolled
En01515,E0946,C0043,2025-08-17,T0074,In Progress
En01516,E0946,C0031,2021-08-10,T0084,Completed
En01517,E0947,C0015,2025-12-11,T0123,Completed
En01518,E0947,C0023,2024-03-07,T0050,Completed
En01519,E0948,C0034,2023-01-06,T0105,In Progress
En01520,E0949,C0014,2021-03-13,T0039,Enrolled
En01521,E0949,C0033,2022-09-20,T0073,Enrolled
En01522,E0950,C0025,2022-10-30,T0037,Enrolled
En01523,E0953,C0038,2020-08-21,T0082,Enrolled
En01524,E0953,C0028,2023-11-20,T0072,Cancelled
En01525,E0954,C0046,2023-10-15,T0070,Enrolled
En01526,E0955,C0027,2021-08-09,T0058,Enrolled
En01527,E0955,C0033,2022-11-14,T0144,Completed
En01528,E0955,C0014,2021-09-16,T0149,Enrolled
En01529,E0956,C0028,2024-07-31,T0150,Cancelled
En01530,E0956,C0027,2023-09-16,T0058,Enrolled
En01531,E0957,C0010,2025-05-26,T0000,Completed
En01532,E0958,C0039,2024-09-30,T0170,In Progress
En01533,E0958,C0021,2024-10-04,T0030,In Progress
En01534,E0959,C0041,2024-09-09,T0173,Cancelled
En01535,E0959,C0039,2024-04-11,T0019,Completed
En01536,E0959,C0032,2023-04-06,T0108,Completed
En01537,E0960,C0030,2023-12-31,T0135,Completed
En01538,E0960,C0041,2024-02-11,T0173,In Progress
En01539,E0961,C0002,2021-03-16,T0032,Cancelled
En01540,E0962,C0041,2024-05-01,T0173,Completed
En01541,E0962,C0022,2025-11-12,T0168,In Progress
En01542,E0963,C0022,2025-10-20,T0168,In Progress
En01543,E0963,C0039,2024-07-27,T0139,In Progress
En01544,E0964,C0021,2023-12-18,T0030,In Progress
En01545,E0964,C0022,2025-04-02,T0168,Cancelled
En01546,E0964,C0047,2025-08-07,T0109,Completed
En01547,E0966,C0022,2025-03-14,T0068,In Progress
En01548,E0967,C0027,2022-04-09,T0158,In Progress
En01549,E0967,C0028,2024-08-06,T0072,Enrolled
En01550,E0968,C0034,2022-12-02,T0043,Cancelled
En01551,E0968,C0014,2021-12-13,T0039,Enrolled
En01552,E0968,C0032,2021-09-16,T0047,Cancelled
En01553,E0969,C0017,2026-06-22,T0180,Cancelled
En01554,E0969,C0007,2025-09-05,T0102,Completed
En01555,E0969,C0030,2023-08-30,T0169,Completed
En01556,E0970,C0028,2024-01-30,T0040,In Progress
En01557,E0970,C0006,2022-02-02,T0098,In Progress
En01558,E0970,C0027,2022-01-07,T0058,In Progress
En01559,E0971,C0030,2024-02-22,T0055,In Progress
En01560,E0971,C0034,2022-07-03,T0105,Cancelled
En01561,E0971,C0047,2025-12-23,T0064,In Progress
En01562,E0972,C0035,2021-07-14,T0165,Completed
En01563,E0973,C0030,2023-07-20,T0135,Completed
En01564,E0974,C0030,2023-06-27,T0135,Completed
En01565,E0975,C0030,2023-05-19,T0169,Completed
En01566,E0976,C0026,2024-06-15,T0106,Completed
En01567,E0976,C0025,2023-05-19,T0017,Cancelled
En01568,E0977,C0038,2021-05-17,T0117,In Progress
En01569,E0977,C0022,2025-03-30,T0168,Cancelled
En01570,E0977,C0046,2023-09-05,T0070,Cancelled
En01571,E0978,C0023,2024-04-22,T0160,Cancelled
En01572,E0978,C0029,2025-12-13,T0024,Completed
En01573,E0978,C0026,2024-02-20,T0087,In Progress
En01574,E0979,C0028,2024-06-27,T0040,Completed
En01575,E0980,C0041,2024-11-22,T0173,Completed
En01576,E0982,C0026,2024-05-18,T0130,Completed
En01577,E0982,C0041,2024-10-14,T0063,In Progress
En01578,E0983,C0041,2024-01-11,T0173,Cancelled
En01579,E0983,C0026,2024-07-15,T0081,Completed
En01580,E0983,C0009,2021-09-15,T0001,Completed
En01581,E0984,C0008,2024-12-28,T0006,Enrolled
En01582,E0984,C0024,2023-03-24,T0153,In Progress
En01583,E0984,C0020,2024-09-01,T0113,Cancelled
En01584,E0985,C0020,2024-03-07,T0076,Enrolled
En01585,E0986,C0039,2023-10-13,T0139,Completed
En01586,E0986,C0026,2025-02-16,T0118,Enrolled
En01587,E0987,C0028,2023-11-13,T0040,Cancelled
En01588,E0988,C0025,2022-07-25,T0017,In Progress
En01589,E0988,C0028,2024-05-22,T0150,Enrolled
En01590,E0989,C0028,2024-07-31,T0018,Completed
En01591,E0989,C0046,2023-03-26,T0070,In Progress
En01592,E0990,C0027,2021-11-10,T0058,Completed
En01593,E0993,C0032,2025-04-13,T0079,Enrolled
En01594,E0994,C0035,2024-01-02,T0127,Completed
En01595,E0994,C0022,2025-05-19,T0068,In Progress
En01596,E0994,C0008,2024-09-28,T0066,In Progress
En01597,E0995,C0025,2022-10-25,T0017,Cancelled
En01598,E0995,C0028,2024-03-12,T0150,Enrolled
En01599,E0997,C0047,2025-06-20,T0064,In Progress
En01600,E0998,C0026,2025-01-16,T0106,Enrolled
En01601,E1000,C0016,2024-04-01,T0085,Enrolled
En01602,E1000,C0031,2024-04-01,T0010,Enrolled
